original_poem,translated_poem,src_lang,tgt_lang,googleTradutor,maritacaPrompt2
"Do not go gentle into that good night,
Old age should burn and rave at close of day;
Rage, rage against the dying of the light.

Though wise men at their end know dark is right,
Because their words had forked no lightning they
Do not go gentle into that good night.

Good men, the last wave by, crying how bright
Their frail deeds might have danced in a green bay,
Rage, rage against the dying of the light.

Wild men who caught and sang the sun in flight,
And learn, too late, they grieved it on its way,
Do not go gentle into that good night.

Grave men, near death, who see with blinding sight
Blind eyes could blaze like meteors and be gay,
Rage, rage against the dying of the light.

And you, my father, there on the sad height,
Curse, bless, me now with your fierce tears, I pray.
Do not go gentle into that good night.
Rage, rage against the dying of the light.","Não entres mansamente nessa noite funda.
Que as velhas almas ardem ao findar do dia.
Te insurge em fúria contra o fim da luz, e luta.

Os sábios, mesmo vendo a sombra que triunfa,
Sabendo que sua voz não fulge nem fulmina,
Não entram mansamente nessa noite funda.

Os bravos, ao romper das ondas, não se assustam,
Mas cantam suas proezas na enseada limpa:
Em fúria rugem contra o fim da luz, e lutam.

Os bárbaros, que aos brados catam sol e lua,
E, súbito, lamentam que essa luz se extinga,
Não entram mansamente nessa noite funda.

Os quase mortos ‒ cegos, lúcidos ‒ perscrutam
Clarões dos meteoros cegos da alegria:
Em fúria rugem contra o fim da luz, e lutam.

E tu, meu pai, erguido em tormentosa altura,
Com lágrima feroz me amaldiçoa e guia.
Não entres mansamente nessa noite funda;
Te insurge em fúria contra o fim da luz, e lutam.",en_XX,pt_XX,"Não entrem mansos nessa boa noite,
A velhice deve queimar e delirar ao fim do dia;
Fúria, fúria contra o morrer da luz.

Embora os sábios, em seu fim, saibam que a escuridão é certa,
Porque suas palavras não bifurcaram nenhum relâmpago,
Não entrem mansos nessa boa noite.

Bons homens, a última onda que passou, gritando o quão brilhante
Seus atos frágeis poderiam ter dançado em uma baía verde,
Fúria, fúria contra o morrer da luz.

Homens selvagens que capturaram e cantaram o sol em voo,
E aprenderam, tarde demais, que o entristeceram em seu caminho,
Não entrem mansos nessa boa noite.

Homens graves, à beira da morte, que enxergam com uma visão ofuscante
Olhos cegos poderiam brilhar como meteoros e ser alegres,
Fúria, fúria contra o morrer da luz.

E você, meu pai, lá no alto triste,
Amaldiçoe-me, abençoe-me agora com suas lágrimas ferozes, eu oro.
Não entrem mansos nessa boa noite.
Fúria, fúria contra o morrer da luz.","Não entres docilmente nessa noite serena,
Que a velhice arda e brade ao fim do dia;
Brada, brada contra o apagar da luz.

Embora sábios saibam, ao fim, que a noite é certa,
Porque suas palavras não roubaram o raio,
Não entres docilmente nessa noite serena.

Homens bons, na última onda, clamam quão brilhante
Suas frágeis ações poderiam ter dançado em um verde golfo,
Brada, brada contra o apagar da luz.

Homens selvagens que capturaram e cantaram o sol em fuga,
E aprendem, tarde demais, que o lamentaram em sua jornada,
Não entres docilmente nessa noite serena.

Homens graves, ao morrer, que veem com visão que cega
Olhos cegos poderiam brilhar como meteoros e ser alegres,
Brada, brada contra o apagar da luz.

E tu, meu pai, lá na triste elevação,
Amaldiçoa, abençoa-me agora com tuas ferozes lágrimas, eu rogo.
Não entres docilmente nessa noite serena.
Brada, brada contra o apagar da luz."