original_poem,translated_poem,src_lang,tgt_lang,translated_by_TA
"caresse l’horizon de la nuit, cherche le coeur de jais que l’aube recouvre de chair. il mettrait dans tes yeux des pensées innocentes, des flammes, des ailes et des verdures que le soleil n’inventa pas.
ce n’est pas la nuit qui te manque, mais sa puissance.","acaricia o horizonte da noite, busca o coração de azeviche que a aurora recobre de carne. ele te porá nos olhos pensamentos inocentes, chamas, asas e verduras que o sol ainda não inventou.
não é a noite que te falta, mas o seu poder.",fr_XX,pt_XX,"Cuida-te do horizon da noite, procura o corao de alegria que o amanhecer sobreve com a carne. Ele põaria inocentes pensamentos, chamas, asas e saudaes nos teus olhos que o sol não inventou.
Não é a noite que você falta, mas o seu poder."
"j’avais devant les yeux les ténèbres. l’abîme
qui n’a pas de rivage et qui n’a pas de cime,
était là, morne, immense ; et rien n’y remuait.
je me sentais perdu dans l’infini muet.
au fond, à travers l’ombre, impénétrable voile,
on apercevait dieu comme une sombre étoile.
je m’écriai : — mon âme, ô mon âme ! il faudrait,
pour traverser ce gouffre où nul bord n’apparaît,
et pour qu’en cette nuit jusqu’à ton dieu tu marches,
bâtir un pont géant sur des millions d’arches.
qui le pourra jamais ! personne ! ô deuil ! effroi !
pleure ! — un fantôme blanc se dressa devant moi
pendant que je jetai sur l’ombre un œil d’alarme,
et ce fantôme avait la forme d’une larme ;
c’était un front de vierge avec des mains d’enfant ;
il ressemblait au lys que la blancheur défend ;
ses mains en se joignant faisaient de la lumière.
il me montra l’abîme où va toute poussière,
si profond, que jamais un écho n’y répond;
et me dit : — si tu veux je bâtirai le pont.
vers ce pâle inconnu je levai ma paupière.
— quel est ton nom ? lui dis-je. il me dit: — la prière.","diante de mim, a escuridão. a voragem
que não tem cimo e que nem sequer tem margem
lá estava, sombria, imensa; nada nela mexia.
perdido no mundo infinito eu me sentia.
ao longe, através da sombra, impenetrável véu,
entrevia-se deus, pálida estrela no céu.
clamei: – ó alma, alma minha! eu precisava,
para atravessar o abismo cujo fim não vislumbrava,
e para durante a noite até deus eu ascender,
de construir uma ponte e em mil arcos a estender.
quem o conseguirá? ninguém!ó dor! tormento!
chora! – um fantasma branco ergueu-se no momento
em que à sombra um olhar de temor eu deitava.
a forma de uma lágrima esse fantasma mostrava;
tinha uma fronte de virgem e duas mãos de criança;
lembrava um lírio que toda a brancura alcança;
as suas duas mãos juntas acendiam uma luz.
apontou o abismo onde tudo a pó se reduz,
tão fundo que nem o eco aí segue a sua lei,
e disse-me: – se quiseres, a ponte construirei.
para o desconhecido ergui meus olhos do chão.
-como te chamas? perguntei. respondeu: – a oração.",fr_XX,pt_XX,"Eu tive escuridão na frente dos meus olhos.
Que não tem costa e não tem tope,
estava lá, errado, impossível; e não se movia néle.
Eu me sinto perdido no infinno mudo.
Na profundidade, pela sombra, véu impenetrável,
Vimos Deus como uma estrela escura.
Eu chorei: minha alma, oh, minha alma!
Percorrer este caminho em que não apareça borda,
E que nessa noite, até o teu Deus, vagas,
Construir uma ponte gigante em milhões de arcas.
quem alguma vez será possível fazer isso? Ninguém! Oh, tristeza!
chore! um fantasma branco rosceu na minha frente
enquanto pisei um olho de aarm na sombra,
E este fantasma tive a forma de uma lágrima;
era uma fronte virgem com as mãos das crianças;
ele parecia com as mentiras que a branquidade defende;
As suas mãos, conclamando, fez luz.

Tão profundo, que nunca um eco resposta a ele;
E me disse: se quisser, eu construi a ponte.
Em frente a este pálio inconhecido Eu subi o meu eAmarelho.
Qual é o seu nome? Eu digo a ele. Ele me disse: orao."
"souvenir d’enfance
j’entendais en pleine nuit,
un son régulier,
comme une chanson dans le noir,
coupant le silence de la nuit.
je me paniquais, je criais maman.
mon petit frère se réveillait,
entendait la chanson dans le noir.
mon petit frère se paniquait,
et criait maman aussi.
la voix de maman,
magie, splendeur, douceur dans la nuit.
elle nous assurait que ce son,
n’était que papa en train de ronfler.
mais ce son ainsi insistant,
ouvrait les ailes de l’imagination,
la peur nous envahissait,
et voilà que tout à coup, ups !
quatre petites jambes pardessus le barreau,
du berceau où nous dormions.
et ainsi bien collés,
au chaud entre papa et maman,
mon petit frère et moi,
nous dormions comme si on était,
dans le ciel, dans les bras de dieu …","lembrança de infancia
eu ouvia em plena madrugada,
um som regular,
como uma canção na escuridão,
cortando o silencio da noite.
em pânico, eu gritava mamãe.
meu irmãozinho se acordava,
escutava a canção na escuridão.
meu irmãozinho em pânico,
gritava mamãe tambem.
a voz de mamãe …
magia, esplendor e brandura na escuridão.
ela nos assegurava que este som,
era so papai roncando no seu sono.
mas esse som assim persistente,
abria as asas da imaginação,
o mêdo nos invadia,
e eis que de repente, ups !
quatro perninhas por cima da barra,
do berço onde dormíamos.
e assim bem agarradinhos,
no quentinho entre papai e mamãe,
meu irmãozinho e eu,
nós dormíamos como si estivéssemos,
no céu, nos braços de deus …",fr_XX,pt_XX,"Lembrança da infância
Eu ouvi na noite,
uma cano regular,
como uma cano no escuro,
Cortando o silêncio da noite.
Eu estava em pénico, eu estava a sorar a mãe.
O meu irmão acordando,
Ouvi a cano no escuro.
O meu irmão pequeno estava em pão,
E brilhou com a mãe.
""A voz da mamã,
Magia, esplendor, doce na noite.
Garantiu-nos que essa cano,
era só um pai roncando.
Mas essa cano insiste,
abriu as asas da imaginação,
o medo invade-nos,
E todo de um tempo, ups!
Quatro pequenas pernas sobre o bar,
Da crada em que nos nos nos nos nos nos nos nos nos nos nos nos nos nos nos nos nos nos nos nos nos nos nos nos nos nos nos nos nos nos nos nos nos nos nos nos nos nos nos nos nos nos nos nos nas nos nos nos nos nos nos nos nos nos nos nos nos nos nos nos nos nos nos nos nos nos nos nos nos nos nos nos nos nos nos nos nos nos nos nos nos nos nos nos nos nos nos nos nos nos nos nos nos nos nos nos nos nos nos nos nos nos nos nos nos nos nos nos nos nos nos nos nos
E o quão bem colado,
quente entre o papá e a mãe,
Meu irmão e eu,
Dormimos como se fossemos,
No céu, nos braços de Deus..."
"horloge! dieu sinistre, effrayant, impassible,
dont le doigt nous menace et nous dit: “souviens-toi!
les vibrantes douleurs dans ton cœur plein d’effroi
se planteront bientôt comme dans une cible;
le plaisir vaporeux fuira vers l’horizon
ainsi qu’une sylphide au fond de la coulisse;
chaque instant te dévore un morceau du délice
a chaque homme accordé pour toute sa saison.
trois mille six cents fois par heure, la seconde
chuchote: souviens-toi! — rapide, avec sa voix
d’insecte, maintenant dit: je suis autrefois,
et j’ai pompé ta vie avec ma trompe immonde!
remember! souviens-toi! prodigue! esto memor!
(mon gosier de métal parle toutes les langues.)
les minutes, mortel folâtre, sont des gangues
qu’il ne faut pas lâcher sans en extraire l’or!
souviens-toi que le temps est un jouer avide
qui gagne sans tricher, à tout coup! c’est la loi.
le jour décroît; la nuit augmente; souviens-toi!
la gouffre a toujours soif; la clepsydre se vide.","relógio! deus sinistro, hediondo, indiferente,
que nos aponta o dedo em riste e diz: “recorda!
a dor vibrante que a lama em pânico te acorda
como num alvo há de encravar-se brevemente;
vaporoso, o prazer fugirá no horizonte
como uma sílfide por trás dos bastidores;
cada instante devora os melhores sabores
que todo homem degusta antes que a morte o afronte.
três mil seiscentas vezes por hora, o segundo
te murmura: recorda! — e logo, sem demora,
com voz de inseto, o agora diz: eu sou o outrora,
e te suguei a vida com meu bulbo imundo!
remember! souviens-toi! esto memor! (eu falo
qualquer idioma em minha goela de metal.)
cada minuto é como uma ganga, ó mortal,
e há que extrair todo o ouro até purificá-lo!
recorda: o tempo é sempre um jogador atento
que ganha, sem furtar, cada jogada! é a lei.
o dia vai, a noite vem; recordar-te-ei!
esgota-se a clepsidra; o abismo está sedento.",fr_XX,pt_XX,"relógio! escuro Deus, assustado, impassivo,
Cujos dedos nos ameacem e nos digam: lembrem-se!
As dores vibrantes em seu corao cheio de medo
em breve como em uma palavra;
O prazer vaporoso correrá para o horizonte
um sílfido na profundidade da sala;
A cada momento te deixa um pedaço de felicidade
tem todo o homem concebido por toda a sua estao.
mil mil e quilentas vezes por hora, a segunda
uchote: lembra-te! Depressa, com a tua voz
De um inseto, agora diz: Estou no antigo,
E eu pupei a tua vida com o meu trop imundo!
lembrem-se! prodigy! é o memor!
(meu meio de meltil fala todas as línguas.)
Os minutos, morrendo fatal, são gándos
Que você não deve ir embora sem extrair o ouro!
lembre-se de que o tempo é um player avid
Que vencem sem cair, tudo de qualquer coisa! é a lei.
O dia afunda; a noite acorda; lembra-te!
O abéssimo está sempre errado; o cépsidro vazia."
"o muse de mon cœur, amante des palais,
auras-tu, quand janvier lâchera ses borées,
durant les noirs ennuis des neigeuses soirées,
un tison pour chauffer tes deux pieds violets?
ranimeras-tu donc tes épaules marbrées
aux nocturnes rayons qui percent les volets?
sentant ta bourse à sec autant que ton palais,
récolteras-tu l’or des voûtes azurées?
il te faut, pour gagner ton pain de chaque soir,
comme un enfant de chœur, jouer de l’encensoir,
chanter des te deum auxquels tu ne crois guère,
ou, saltimbanque à jeun, étaler tes appas
et ton rire trempé de pleurs qu’on ne voit pas,
pour faire épanouir la rate du vulgaire.","ó musa de minha alma, amante dos palácios,
terás, quando janeiro desatar seus ventos,
no tédio negro dos crepúsculos nevoentos,
uma brasa que esquente os teus dois pés violáceos?
aquecerás teus níveos ombros sonolentos
na luz noturna que os postigos deixam coar?
sem um níquel na bolsa e seco o paladar,
colherás o ouro dos cerúleos firmamentos?
tens que, para ganhar o pão de cada dia,
esse turíbulo agitar na sacristia,
entoar esses te deum que nada têm de novo,
ou, bufão em jejum, exibir teus encantos
e teu riso molhado de invisíveis prantos
para desopilar o fígado do povo.",fr_XX,pt_XX,"musa do meu corao, amor das palacinas,
Terás, quando Janeiro deixar as boreias,
Nos sofrimentos escuros das noites nevadas,
Um tison para aquecer os dois pés violetas?
Você reanimará seus devinhos de marmor
noite rabancho que executa as flaps?
Cheirar sua aça Troca seca, tão como seu pátálio,
você daria o ouro das baias azuradas?
Você precisa, para ganhar o pão da noite,
como uma criança de refrão, brinque censor,
cante você deum em que você não acredita,
Ou, saltimbanking na Terra, fique seus appas
E sua gargalhada com lágrimas que você não consegue ver,
Para fazer o baço do vulgar."
"ô colombe qui meurs dans le ciel azuré,
rouvre un instant les yeux, mourante aux blanches ailes !
le vautour qui te tue expire, déchiré
par des flèches mortelles.
va, tu tombes vengée, ô victime, et ta sœur
peut voir, en traversant la forêt d’ombre pleine,
l’oiseau tout sanglant pendre au carquois d’un chasseur
qui passe dans la plaine.
le jeune archer, folâtre et chantant des chansons,
passe, sa proie au dos, par les herbes fleuries,
laissant déchiqueter par les dents des buissons
ces dépouilles meurtries.","ó pomba que fenece no céu azulado,
reabre os olhos e a asa branca, enquanto cais!
pois morre o teu algoz, o abutre é lacerado
pelas flechas mortais.
ó vítima que cai, alguém já te vingou,
e pelo bosque em sombras, vê-se o teu irmão
sangrando, atado à aljava de um caçador
que canta uma canção.
pelos prados, o arqueiro jovial brincando
passa entre a relva em flor, com a sua presa atrás,
enquanto os dentes dos arbustos vão rasgando
os seus restos mortais!",fr_XX,pt_XX,"pompa que morre no céu azul,
Abra por um momento, morrendo com asas brancas!
O velur que te mata exala, dilacerado
Por setas mortáveis.
Vá, você se vingiu,  vítima, e sua irmã
Consigo ver, cruzando a floresta da sombra cheia,
O pássaro de sangue pendura no rapido de um caçador
Que passam na plana.
O jovem arqueiro, vagueando e cantando canes,
passe, sua rapina em suas costas, às hervas floradas,
Deixando os dentínios das pincês chorar
Os melhores se apressaram."
"je te voulais auprès de moi …
mais je ne savais pas où te trouver,
je voulais t’appeler,
mais je ne savais pas en quelle direction,
je voulais de ton amour,
mais je ne savais pas qu’il existait.
combien de fois dans mes rêves,
je t’ai emmené auprès de moi …
je rêvais de toi, sans t’avoir jamais vu.
je rêvais de ton êtr sans t’avoir jamais rencontré.
je t’ emmenais déjà auprès de moi …
je sentais ta chaleur sans que je sache que c’était la tienne.
je sentais ta vibration sans que je sache que c’était toi.
je sentais tes baisers sans que je sache que c’étaient tes lèvres.
aujourd’hui, t’es rentré dans mon âme,
comme une brise câline et ardente,
m’apportant paix et sérénité.
je te respire, je te sens, je te vis profondément.
reste auprès de moi …","eu ja te queria perto de mim …
mas não sabia onde te encontrar,
eu queria te chamar,
mas não sabia em qual direção,
eu queria do teu amor,
mas não sabia que ele existia.
quantas vezes nos meus sonhos,
eu te levei junto a mim …
eu sonhava contigo, sem nunca ter te visto.
eu sonhava com teu ser, sem nunca ter te encontrado.
eu ja te levava junto a mim …
eu sentia teu calor, sem que eu soubesse que era o teu.
eu sentia tua vibração, sem que eu soubesse que eras tu.
eu sentia teus beijos, sem que eu soubesse que eram teus lábios.
hoje, tu entraste na minha alma,
como uma brisa meiga e cálida,
me trazendo paz e serenidade.
eu te respiro, te sinto, te vivo profundamente.
ficas comigo …",fr_XX,pt_XX,"Eu te queria para mim...
Mas eu não sei onde te encontrar,
Eu queria te ligar,
Mas eu não sabia para onde direo,
Eu queria por seu amor,
Mas eu não sabia que ela existia.
Quantas vezes em meus sonhos,
Eu te levei para mim...
Sonhei com ti, sem te ver.
Sonhei com um sonho Sonhei com um sonho Sonhei com um sonho Sonhei com um sonho Sonhei com um sonho Sonhei com um sonho Sonhei com um sonho Sonhei com um sonho Sonhei com um sonho Sonhei com um sonho Sonhei com um sonho Sonhei com um sonho Sonhei com um sonho Sonhei com um sonho Sonhei com um sonho Sonhei com um sonho Sonhei com um sonho Sonhei com um sonho Sonhei com um sonho Sonhei com um sonho Sonhei com um sonho Sonhei com um sonho Sonhei com um sonho Sonhei com um sonho Sonhei com um sonho Sonhei com um sonho Sonhei com um sonho Sonhei com um sonho Sonhei com um sonho Sonhei com um sonho Sonhei com um sonho Sonhei com um sonho Sonhei com um sonho Sonhei com um sonho Sonhei com um sonho Sonhei com um sonho Sonhei com um sonho Sonhei com um sonho Sonhei com um sonho Sonhei com um sonho Sonhei com um sonho Sonhei com um sonho Sonhei com um sonho Sonhei com um sonho Sonhei com um sonho Sonhei com um sonho Sonhei com um sonho Sonhei com um sonho Sonhei com um sonho Sonhei com um sonho Sonhei com um sonho Sonhei com um sonho Sonhei com um sonho Sonhei com um sonho Sonhei com um sonho Sonhei com um sonho Sonhei com um sonho Sonhei com um sonhei com um sonho Sonhei com um sonho Sonhei com um sonho Sonhei com um sonho Sonhei com um sonho Sonhei com um sonho Sonhei com um sonho Sonhei com um sonho Sonhei com um sonho Sonhei com um sonho Sonhei com um sonhei com um sonho Sonhei com um sonho Sonhei com um sonho Sonhei com um sonho Sonhei com um sonho Sonhei com um sonho Sonhei com um sonho Sonhei com um sonho Sonhei com um sonho Sonhei com um sonho Sonhei com um sonho Sonhei com um sonho Sonhei com um sonho Sonhei com um sonho Sonhei com um sonho Sonhei com um sonho Sonhei com um
Eu já te levava para mim...
Eu senti o teu calor sem eu saber que era o teu.
Eu senti a tua vibe sem eu saber que eras tu.
Eu senti o teu beijo sem eu sabia que eras os teus lábios.
hoje, você está de volta em minha alma,
como uma brisa calina e aperteira,
Traz-me a paz e a serenidade.
Eu respiro-te, sinto-te, vivo-te no profundo.
fique perto de mim..."
"homme, libre penseur ! te crois-tu seul pensant
dans ce monde où la vie éclate en toute chose?
des forces que tu tiens ta liberté dispose,
mais de tous tes conseils l’univers est absent.
respecte dans la bête un esprit agissant:
chaque fleur est une âme à la nature éclose;
un mystère d’amour dans le métal repose;
« tout est sensible ! » et tout sur ton être est puissant.
crains, dans le mur aveugle, un regard qui t’épie:
à la matière même un verbe est attaché…
ne la fais pas servir à quelque usage impie!
souvent dans l’être obscur habite un dieu caché;
et comme un œil naissant couvert par ses paupières,
un pur esprit s’accroît sous l’écorce des pierres!","homem! livre pensador! serás o único que pensa
neste mundo onde a vida cintila em cada ente?
de tuas forças tua liberdade dispõe naturalmente,
mas teus conselhos todos o universo dispensa.
honra na fera o espírito que fermenta…
cada flor é uma alma em natura nascente;
um mistério de amor no metal reside dormente;
“tudo é sensível!” e poderoso em teu ser se apresenta.
receia, no muro cego, um olhar curioso:
à própria matéria encontra-se um verbo unido…
não te sirvas dela para qualquer fim impiedoso!
quase sempre no ser obscuro mora um deus escondido.
e, como um olho novo coberto por suas pálpebras,
um espírito puro medra sob a crosta das pedras!",fr_XX,pt_XX,"homem, pensador livre! você acredita em você sozinho pensando
nse mundo onde a vida irrompe em tudo?
as forças que manténs a tua liberdade,
Mas de todos os teus conselhos o Universo está ausente.
Respeite na fera um espirito que trabalha:
cada flor é uma alma com uma naturalidade desabrochada;
Um misterio de amor no metal recai;
"" tudo é sensato!"" e tudo no teu ser é poderoso.
medo, na parede cega, um look que apague você:
substúncia, apenas um verbete se enrosca...
Não faça com que serve para o uso impiedoso!
na escuridão, o ser vive um Deus escondido;
E como um olfe nato, coberto por suas olfes,
Um espírito puro cresce sob a barca das pedras!"
"dites-moi où, n’en quel pays,
est flora la belle romaine,
archipiades, ne thaïs,
qui fut sa cousine germaine,
echo, parlant quant bruit on mène
dessus rivière ou sur étang,
qui beauté eut trop plus qu’humaine?
mais où sont les neiges d’antan?
où est la très sage héloïs,
pour qui fut châtré et puis moine
pierre esbaillart à saint-denis?
pour son amour eut cette essoine.
semblablement, où est la roine
qui commanda que buridan
fût jeté en un sac en seine?
mais où sont les neiges d’antan?
la roine blanche comme un lis
qui chantait à voix de sirène,
berthe au grand pied, bietrix, aliz,
haramburgis qui tint le maine,
et jeanne, la bonne lorraine
qu’anglais brûlèrent à rouen ;
où sont-ils, où, vierge souvraine?
mais où sont les neiges d’antan?
prince, n’enquerrez de semaine
où elles sont, ni de cet an,
que ce refrain ne vous remaine:
mais où sont les neiges d’antan?","ora dizei-me em que país
flora estará, bela romana,
arquipiades ou taís
que sua prima foi germana.
eco a falar, quando um som plana
por rio ou lago, e que já tem o
dom de formosa mais que humana?
mas onde estão neves de antanho?
onde é mui sábia heloís
por quem castrado e monge pena
pedro balerdo em s. dinis?
amor lhe deu provação plena.
e assim também onde é que reina
essa que a buridan por banho
mandou deitar num saco ao sena?
mas onde estão neves de antanho?
rainha branca como um lis,
voz que a sereia em canto irmana,
berta pé-grande, alis, biatriz,
aremburgis que foi menana,
e de lorena a boa joana
qu’ingrês em ruão queimou no lenho.
onde estão, virgem soberana?
mas onde estão neves de antanho?
senhor, cuidar de ano ou semana
onde elas são, não voz traz ganho,
nem meu refrão a vós engana:
mas onde estão as neves de antanho?",fr_XX,pt_XX,"Me diga onde, em um país,
é a flora o lindo Roman,
Archpiades, não taes,
que era o seu primo-primeiro,
eco, falando sobre o ruido, nós lemos
sobre o rio ou sobre a janela,
Que beleza tivea muito mais do que o ser humano?
Mas cadê a neve dos anos?
Onde está os héloys muito sábios,
Por que era castado e então dinheiro
Esbaillart pedra em Saint-denis?
Por seu amor tiveva essa tristeza.
Como é, onde é o reino
que comandou aquele buridan
foi montado em um saco em um saco?
Mas cadê a neve dos anos?
O reino branco como um lis
que cantou com a voz da sereia,
Com pedais, bietrix, aliz,
Haramburgis que conheciam a sua mão,
E jeanne, o bom rolão
queimado em Rouen;
Onde eles estão, onde, escuvenvirgem?
Mas cadê a neve dos anos?
Prince, não entrare uma semana
onde eles estão, ou este ano,
Que este refrão te memoriza:
Mas cadê a neve dos anos?"
"sous le pont mirabeau coule la seine
et nos amours
faut-il qu’il m’em souvienne
la joie venait toujours après la peine
vienne la nuit sonne l’heure
les jours s’en vont je demeure
les mains dans les mains restons face à face
tandis que sous
le pont de nos bras passe
des éternels regards l’onde si lasse
vienne la nuit sonne l’heure
les jours s’en vont je demeure
l’amour s’en va comme cette eau courante
l’amour s’en va
comme la vie est lente
et comme l’espérance est violente
vienne la nuit sonne l’heure
les jours s’en vont je demeure
passent les jours et passent les semaines
ni temps passé
ni les amours reviennet
sous le pont mirabeau coule la seine
vienne la nuit sonne l’heure
les jours s’en vont je demeure","escorre sob a ponte o rio sena
e em nossos amores
a lembrança me acena
vinha sempre o prazer depois da pena
que venha a noite e soe a hora
os dias se vão não vou embora
mãos nas mãos esperemos face a face
até que sob a ponte
dos nossos braços passe
o eterno desse olhar em nosso enlace
que venha a noite e soe a hora
os dias se vão não vou embora
o amor se vai como água turbulenta
assim o amor se vai
e como a vida é lenta
e como esta esperança é violenta
que venha a noite e soe a hora
os dias se vão não vou embora
os dias passam passam as semanas
não voltam o passado
nem as paixões humanas
e o sena flui em águas soberanas
que venha a noite e soe a hora
os dias se vão não vou embora
os dias passam passam mas que pena
passado amor
nenhuma volta acena
na ponte mirabeau se vai o sena
a noite venha sem demora
eu fico e o tempo vai embora",fr_XX,pt_XX,"Debaixo da ponte do mirabeau flui o sein
E os nossos amores
Preciso me lembrar?
Alegria era para sempre vir após da dor

Os dias se forem Eu fico
Mãos em suas mãos deixam cara a cara
Neste caso, é possível só só só só só só só só só só só só só só só só só só só só só só só só só só só só só só só só só só só só só só só só só só só só só só só só só só só só só só só só só só só só só só só só só só só só só só só só só só só só só só só só só só só só só só só só só só só só só só só só só só só só só só só só só só só só só só só só só só só só só só só só só só só só só só só só só só só só só só só só só só só só só só só só só só só só só só só só só só só só só só só só só só só só só só
A ponte dos nossos braços passa
Dos olhos eternes, as maravilhas tão cansadas

Os dias se forem Eu fico
o amor folha como esta água flutuante
O amor está a ir-se
O quão a vida é
E quão a violenta esperança

Os dias se forem Eu fico
Passe os dias e passe as semanas
Nenhum tempo se passou
Nem os amores voltam
Debaixo da ponte do mirabeau flui o sein

Os dias se forem Eu fico"
"ne soyons pas trop exigeants:
le bonheur n’est pas accessible
à toutes les sortes de gens.
il faudrait être moins sensible,
ou bien avoir beaucoup d’argent…
ne demandons pas l’impossible.
nous devons nous trouver contents
d’être les êtres que nous sommes:
des amoureux intermittents
qui sont fous l’un de l’autre en somme
de temps en temps.
c’est déja beaucoup d’être deux,
deux côte à cote sur la terre,
qui peuvent souffrir entre eux
et vivre sans trop se taire.
et si l’on est plus exigeant,
si l’on se sent en y songeant
l’âme encor trop célibataire,
c’est qu’on a mauvais caractère…
ou qu’on est trop intelligent.","não sejamos muito exigentes:
nem sempre a sorte é acessível
a todo mundo, a toda a gente.
ela é só dos menos sensíveis,
ou dos ricos, naturalmente…
não desejemos o impossível.
devemos estar contentes
de ser quem somos:
simplesmente namorados intermitentes
loucamente se namorando
de vez em quando.
é já uma grande cousa a gente
ser dois, à parte, entre os mortais,
dois que se bastam mutuamente
e não se aborrecem demais.
e somos mais exigentes,
se às vezes a alma ainda se sente
solteira e triste, isso é explicável:
temos um gênio insuportável…
ou somos muito inteligentes.",fr_XX,pt_XX,"Não seja exatamente:
a felicidade não é acessível
Para todos os tipos de pessoas.
Precisarias de ser menos sensato,
Ou ter um dinheiro...
Não quero o impossível.
precisamos ser contentado
Ser os Seres que somos:
Amantes intermitentes
que são doidas umas das
De tempo em tempo.
Já é muito para ser dois,
dois lado a lado na Terra,
Quem pode sofrer entre eles
E viva sem muito tão tão tão tão tão tão tão tão tão tão tão tão tão tão tão tão tão tão tão tão tão tão tão tão tão tão tão tão tão tão tão tão tão tão tão tão tão tão tão tão tão tão tão tão tão tão tão tão tão tão tão tão tão tão tão tão tão tão tão tão tão tão tão tão tão tão tão tão tão tão tão tão tão tão tão tão tão tão tão tão tão tão tão tão tão tão tão tão tão tão tão tão tão tão tão tão tão tão tão tão tão tão tão tão tão tão tão tão tão tão tão tão tão tão tão tão tão tão tão tão tão tão tão tão tão tão tão tão tão tão tão tão tão tão tão tão tão tão tão tão tão tão tão tão tão tão tão tão tão tão tão tão tão tão tão tão tão tão tão tão tão tão tão tão tão tão tão tã
E se fores mais exato,
se sentir e pensar
A alma é demais,
É que temos um mau feitiço...
Ou que somos intelligentes demais."
"vous qui ronflez au coin d’une épouse endormie,
ruminant! savez-vous ce soupir: l’insomnie?
— avez-vous vu la nuit, et le sommeil ailé,
papillon de minuit dans la nuit envolé,
sans un coup d’aile ami, vous laissant sur le seuil,
seul, dans le pot-au-noir au couvercle sans œil?
— avez-vous navigué?… la pensée est la houle
ressassant le galet: ma tête… votre boule.
— vous êtes-vous laissé voyager en ballon?
— non? — bien, c’est l’insomnie. — un grand coup de talon
là! — vous voyez cligner des chandelles étranges:
une femme, une gloire en soleil, des archanges…
et, la nuit s’éteignant dans le jour à demi,
vous vous réveillez coi, sans vous être endormi.","você que ronca ao pé da esposa adormecida,
ruminante! conhece a insónia, esse gemido?
— você já viu a noite, viu o sono alado,
mariposa à meia-noite alta esvoaçada,
sem asas amigas, ficando na soleira,
só, em um buraco negro sem ribanceira?
já navegou?… — não? — o pensamento restolha
seixos como a onda: minha cabeça… uma bóia.
— já deixou-se embarcar em um balão?
— não? — pois é a insónia. — um pontapé malsão
lá! — você verá velinhas em desarranjo:
uma mulher, uma glória de sol, arcanjos…
e quando apaga a noite no dia mal nascido,
você acorda imóvel, sem ter adormecido.",fr_XX,pt_XX,"você que ronca no canto de uma mulher adormecida,
Ruminant! Você sabe o sussurro: insonia?
você já viu a noite, e o sono,
Borboleta do meio-dia na noite de voar,
Sem um amigo da asa, te deixando na persiana,
Sozinha, no pot-au-noir com um touca eYellow?
se tivesse deixado?... pensei que era a inchao
Deixando o galet: minha cabeça... sua borda.
você está deixando-se para viajar em uma florao?
não? bem, é insonia. uma ótima palavra.
lá! você vem velas estranhas brilhando:
Uma mulher, uma gloria ao sol, archanges...
E a noite se esvai no dia,
Você acorda coi, sem dormir."
"puis, quand les bords de l’eau ne se distinguent plus,
a l’heure où toute forme est un spectre confus,
où l’horizon brunit rayé d’un long trait rouge,
alors que pas un jonc, pas un glaïeul ne bouge,
que les rainettes font dans l’air serein leur bruit,
et que la luciole au clair de lune luit,
l’oiseau, dans le lac sombre où sous lui se reflète
la splendeur d’une nuit lactée et violette,
comme un vase d’argent parmi des diamants,
dort, la tête sous l’aile, entre deux firmaments","e depois quando as margens tornam-se confusas,
na hora onde toda forma é um espectro difuso,
onde reduz um horizonte em rubro risco,
enquanto nenhum junco ou espadana pisca,
com as rãs verdes a soar no sereno ar
e quando o pirilampo refulge ao luar,
a ave, no sombrio lago aonde se reflete
o fulgor de uma noite láctea e violeta,
como um jarro de prata em meio a diamantes,
dorme, a cabeça entre asas e dois céus brilhantes",fr_XX,pt_XX,"então, quando as bordas da água não distinguem mais,
No tempo em que cada forma é um espetro confusivo,
onde o horizo se dissipou por um longo caminho vermelho,
Quando não há cremao, não há gelao, não há filme, não há gelao, não há gelao, não h
Que as chuvas fazem o ruido no ar,
E as luz da luz da luz da luz da luz da luz da luz da luz da luz da luz da luz da luz da luz da luz da luz da luz da luz da luz da luz da luz da luz da luz da luz da luz da luz da luz da luz,
O pássaro, no lago escuro em que é sob
O Esplendor de uma noite lacy e violeta,
como um vasgo de prata no meio,
Dorme, com a cabeça sob a asa, entre dois fimamentos"
"vous, mon amour; mon amour des yeux verts.
vous, mon amour.
mon amour des yeux verts,
qui j’ai rencontré un jour.
vous, mon amour.
mon amour des yeux verts,
tempête, torrent, volcan dans mon âme,
dés les premiers instants.
vous, les yeux verts, visage brun,
qui je n’ai jamais oublié,
vous, les yeux verts, visage brun,
redis-moi ton prénom mon amour,
pour rêver de vous, vous tenir par la main,
vous embrasser comme jamais,
et vous garder auprès de moi.
vous, mon amour,
qui m’a tant impressionnée,
vous êtes plus fort que le passé,
plus fort que le présent,
plus fort que le temps.
ai … si vous le saviez,
combien mon repenti,
d’être partie sans vous dire combien,
combien je vous désirais …","voce, meu amor; meu amor dos olhos verdes.
voce, meu amor.
meu amor dos olhos verdes,
que eu encontrei um dia.
voce, meu amor.
meu amor de olhos verdes,
tempestade, torrente, vulcão na minha alma,
desde o primeiro instante.
você, dos olhos verdes, visagem morena,
que eu nunca esqueci.
voce, dos olhos verdes, visagem morena,
repete seu nome pra mim meu amor,
para eu sonhar com voce,
lhe trazer pela mão,
lhe beijar como nunca,
e lhe guardar junto a mim.
voce, meu amor,
que tanto me impressionou,
é mais forte que o passado,
é mais forte que o presente
é mais forte que o tempo.
ai … si voce soubesse,
quanto o meu arrependimento,
ter partido sem lhe dizer o quanto,
o quanto eu lhe queria …",fr_XX,pt_XX,"Você, meu amor; meu amor com olhos verdes.
Você, meu amor.
Meu amor com olhos verdes,
que eu conheci um dia.
Você, meu amor.
Meu amor com olhos verdes,
tempestade, torrent, Volcano na minha alma,
Nos primeiros momentos.
Você, com olhos verdes, rosto moreno,
que eu nunca esqueci,
Você, com olhos verdes, rosto moreno,
Me diga seu nome de novo, meu amor,
Para sonhar com você, para ficar por sua mão,
Beijar-se a si mesmo se nunca,
E mantém-te perto de mim.
Você, meu amor,
que me enfeitiçou muito,
Você é mais forte do que o passado,
mais forte do que o apresento,
mais apertado do que o tempo.
eu tenho... se você sabia,
O quão do meu arrependido,
Ser deixado sem te dizer o quão,
O quão que eu queria você..."
"tu m’as dit: “je pense à toi
tout lê jour.”
mais tu penses moins à moi
que a l’amour.
tu m’as dit: “mes yeux mouillés
qui ne peuvent t’oublier
restent longtemps éveillés
lorsque je me couche.”
mais ton coeur est moins grisé
qu’amusé.
tu penses plus au baiser
qu’à la bouche.
tu ne te tourmentes point.
tu sais, sans chercher plus loin,
que nos joies sont bien les nôtres…
mais l’amour est un besoin.
m’aimerais-tu beaucoup moins
si j’étais un autre?","você diz: “eu penso apenas em você
todo o dia.”
mas pensa em mim muito menos
que no amor.
e diz: “meus olhos magoados
que vivem só de desejo
passam horas acordados
quando me deito.”
mas sua alma é mais satisfeita
do que louca.
você pensa mais no beijo
que na boca.
você não se inquieta
tem certeza de que este bem
é somente seu e meu.
mas o amor é uma necessidade.
você gostaria mesmo menos de mim, muito menos
se eu não fosse eu?",fr_XX,pt_XX,"Você me disse: Estou pensando em você
Todos os dias.
Mas tu não pensa em mim
como o amor.
Você me disse: Meus olhos tecidos
Quem não pode esquecer você
permaneça acordada por muito tempo
Quando eu for para a cama.
Mas seu corao é mesmo cinza
quão engraçada.
Você não pensa em beijo
Está na tua boca.
Você não se preocupa.
Você sabe, sem procurar,
que as nossas alegrias são as nossas...
Mas o amor é uma precisa.
Você gosta de mim muito menos
Se eu fosse outro?"
"frères humains, qui après nous vivez,
n’ayez les coeurs contre nous endurcis,
car, si pitié de nous pauvres avez,
dieu en aura plus tôt de vous mercis.
vous nous voyez ci attachés, cinq, six:
quant à la chair, que trop avons nourrie,
elle est piéça dévorée et pourrie,
et nous, les os, devenons cendre et poudre.
de notre mal personne ne s’en rie;
mais priez dieu que tous nous veuille absoudre!
se frères vous clamons, pas n’en devez
avoir dédain, quoique fûmes occis
par justice. toutefois, vous savez
que tous hommes n’ont pas bon sens rassis.
excusez-nous, puisque sommes transis,
envers le fils de la vierge marie,
que sa grâce ne soit pour nous tarie,
nous préservant de l’infernale foudre.
nous sommes morts, âme ne nous harie,
mais priez dieu que tous nous veuille absoudre!
la pluie nous a débués et lavés,
et le soleil desséchés et noircis.
pies, corbeaux nous ont les yeux cavés,
et arraché la barbe et les sourcils.
jamais nul temps nous ne sommes assis
puis çà, puis là, comme le vent varie,
a son plaisir sans cesser nous charrie,
plus becquetés d’oiseaux que dés à coudre.
ne soyez donc de notre confrérie;
mais priez dieu que tous nous veuille absoudre!
prince jésus, qui sur tous a maistrie,
garde qu’enfer n’ait de nous seigneurie:
a lui n’ayons que faire ne que soudre.
hommes, ici n’a point de moquerie;
mais priez dieu que tous nous veuille absoudre!","irmãos humanos que ao redor viveis,
não nos olheis com duro coração,
pois se aos pobres de nós absolveis
também a vós deus vos dará perdão.
aqui nos vedes presos, cinco, seis:
quanto era cara viva que comia
foi devorado e em pouco apodrecia.
ficamos, cinza e pó, os ossos, sós.
que de nossa aflição ninguém se ria,
mas suplicai a deus por todos nós.
se dizemos irmãos, vós não deveis
sentir desprezo, embora condenados
tenhamos sido em vida. bem sabeis:
nem todos têm os sentidos sentados.
desculpai-nos, que já estamos gelados,
perante o filho da virgem maria.
que seu favor não nos falte um só dia
para livrar-nos do inimigo atroz.
estamos mortos: que ninguém sorria,
mas suplicai a deus por todos nós.
a chuva nos lavou e nos desfez
e o sol nos fez negros e ressecados,
corvos furaram nossos olhos e eis-
nos de pêlos e cílios despojados,
paralíticos, nunca mais parados,
pra cá, pra lá, como o vento varia,
ao seu talante, sem cessar, levados,
mais bicados do que um dedal. a vós
não ofertamos nossa confraria,
mas suplicai a deus por todos nós.
meu príncipe jesus, que a tudo vês,
não nos entregues à soberania
do inferno, que só ouvimos tua voz.
homens, aqui não cabe zombaria,
mas suplicai a deus por todos nós.",fr_XX,pt_XX,"irmãos humanos, que além de vivermos,
Não tenho os teus coraes contra nós fortes,
Porque, tão feliz de nós, os pobres,
Deus terá que ser mais cedo de ti.
Vê-nos aqui, cinco, seis:
Quanto a carne, aquele demais se alimentou,
Ela é devorada e apodrecida,
E nós, ossos, tornamo-nos asa e pó.
da nossa malvao, ninguém se sente;
Mas rezem a Deus para que todos nós queremos absolver!
irmãos, você amarga, não deve
terem desdémado, após occis
por juíza. Mas tu sabes
Que todo homem não tem um bom-senso feliz.
Pede-nos, porque estamos cruzados,
Ao filho da marié virgem,
para que a sua grandiosidade seja por nós,
Preservando-nos da luz infernal.
estamos mortos, a alma não nos prende,
Mas rezem a Deus para que todos nós queremos absolver!
A chuva entendeu-nos e legislou-nos,
E o sol secam e escurecem.
Os olhos, os chifres, os olhos, os olhos, os olhos, os olhos, os olhos, os olhos, os olhos, os olhos, os olhos, os olhos, os olhos, os olhos, os, os olhos, os, os olhos, os olhos, os olhos, os olhos, os olhos, os olhos, os olhos, os olhos, os, os olhos, os olhos, os olhos, os olhos, os olhos, os olhos, os olhos, os olhos, os olhos, os olhos, os olhos, os olhos, os olhos, os olhos, os olhos, os olhos, os olhos, os olhos, os olhos, os olhos, os olhos, os, os olhos, os olhos, os olhos, os olhos, os olhos, os, os olhos, os olhos, os olhos, os olhos, os olhos, os olhos, os olhos, os olhos olhos, os olhos, os olhos, os olhos, os, os, os, os, os, os, os, os, os, os, os, os, os, os, os, os, os, os, os, os, os, os, os, os,
A barba e as brotoas se afastam.
nunca ninguém tempo, não estamos
E isso, e aí, como o vento muda,
ter o seu prazer sem nos cortar,
mais enfeitiçada com pássaros do que um prato para costurar.
não faça da nossa confraternidade;
Mas rezem a Deus para que todos nós queremos absolver!
Prince Jesus, que de todo os pessados,
Cuidado que o inferno tem em nós seigny:
Nós temos tudo o que fazer é chegar.
Menos, aqui não há fraquezas;
Mas rezem a Deus para que todos nós queremos absolver!"
"tais-toi
je t’aime … mon amour, ma chérie.
tais-toi, ne répètes plus jamais ça,
tais-toi, tu ne sais pas ce que tu dis.
les mots qui caressent,
viennent en fusion avec dieu.
je ne veux pas de tes mots,
qu’ arrivent avec tes ténèbres,
de ton esprit sans paix,
qui débat contre ton corps.
les mots sortis de ta bouche,
ne guérissent pas ta blessure,
te rendent encore plus jaloux,
de ceux qu’ont connu l’amour.
je t’aime … mon amour, ma chérie.
tais-toi, tu ne sais pas ce qu’est l’amour,
tais-toi, tu ne sais pas ce que tu fais.
si seulement, t’ avais connu musset,
tu saurais, que tu n’as pas encore vécu.
que ta vie, n’est pas sommeil,
elle est seulement … un cauchemar.","cala-te
eu te amo … meu amor, minha querida.
cala-te, nao repitas nunca mais isso,
cala-te, tu nao sabes o que dises.
as palavras que acariciam,
vêm em fusao com deus.
nao quero tuas palavras,
que chegam com tuas trevas,
de teu espirito sem paz,
que debate contra teu corpo.
as palavras saidas de tua boca,
não curam tua cicatriz,
te tornam ainda mais ciumento,
daqueles que conheceram o amor.
eu te amo … meu amor, minha querida.
cala-te, tu nao sabes o que é o amor,
cala-te, tu nao sabes o que fazes.
si pelo menos, tu tivesses conhecido musset,
tu saberias que ainda nao viveu.
que tua vida nao é sono,
ela é somente … um pesadelo.",fr_XX,pt_XX,"Não continua
Eu te amo... meu amor, meu amor.
Não continue, não repete isso de novo,
Não continue, não sei o que você está dizendo.
As palavras que se importam,
Venha em fusão com Deus.
Eu não quero suas palavras,
o que vem com a tua escuridão,
do teu espírito sem paz,
Distorce contra o seu corpo.
As palavras da tua boca,
não cure a sua ferida,
te deixar com mais ciúmes,
Daqueles que o amor sabia.
Eu te amo... meu amor, meu amor.
Mantenha-se, você não sabe o que o amor é,
Não continue, não sei o que você está fazendo.
se só, você sabia o mousset,
Você saberá, você não viveu de novo.
que a tua vida não é dormir,
ela é só... um magistrado noite."
"ce n’est pas une ville, c’est un monde
– c’est la mer: – calme plat – et la grande marée,
avec un grondement lointain, s’est retirée.
le flot va revenir, se roulant dans son bruit –
– entendez-vous gratter les crabes de la nuit…
– c’est le styx asséché: le chiffonnier diogène,
sa lanterne à la main, s’en vient errer sans gêne.
le long du ruisseau noir, les poètes pervers
pêchent; leur crâne creux leur sert de boîte à vers.
– c’est le champ: pour glaner les impures charpies
s’abat le vol tournant des hideuses harpies.
le lapin de gouttière, à l’affût des rongeurs,
fuit les fils de bondy, nocturnes vendangeurs.
– c’est la mort: la police gît – en haut, l’amour
fait la sieste en têtant la viande d’un bras lourd,
où le baiser éteint laisse sa plaque rouge…
l’heure est seule – ecoutez: … pas un rêve ne bouge
– c’est la vie: écoutez: la source vive chante
l’éternelle chanson, sur la tête gluante
d’un dieu marin tirant ses membres nus et verts
sur le lit de la morgue… et les yeux grand` ouverts!","não é uma cidade, é um mundo.
— é o mar: — calmaria — e a maré gigante
retirou-se, com seu ribombo já distante.
a onda voltará, torcendo seu açoite —
— ouves arranhar o caranguejo da noite?…
— é o estige seco: diógenes trapeiro,
a lanterna na mão, lá vem errar fagueiro.
no riacho negro, pescam poetas perversos;
em seus crânios ocos levam vermes de versos.
— e o campo: para espigar impuras filaças
assenta-se o vôo da harpia que caça. coelhos-pingados, quando afluem roedores,
deixam bondy aos noturnos vindimadores.
— é a morte: a polícia jaz — no quarto, ao lado,
o amor chupa a carne de um braço pesado,
onde o beijo ardente uma marca rubra esquece…
a hora está só — ouça: … nenhum sonho se mexe
— é a vida: ouça: canta a fonte viçosa
sua eterna canção, na cabeça viscosa de um deus marinho, os membros nus e esverdeados
no leito da morgue… de olhos arregalados!",fr_XX,pt_XX,"Não é uma cidade, é um mundo
– é o mar – – acalme-se – e a grande maré,
com uma distância correndo, esquerdo.
O fluxo voltará, correndo em seu baruo
– Ouças coçar os caranguejos da noite...
é o styx seco: o raster digenous,
A sua lagarta na mão, vem vagueando sem infeliz.
na cordilha preta, poetas pervertidos
Os seus coraes estão pecadando; os seus coraes seram-lhes uma caixa de versos.
é o caminho: para rejuvenescer as carnificas imundas
O voo de volta das harpias mais escondidas cairá.
O coelhinho da sarjeta, à procura dos perigos,
Deixa os filhos de marvelhos noites.
é a morte: a polícia deitou – no alto, o amor
durma com a carne de um braço pesado,
Onde os beijos se apaixonam de seu prato vermelho...
O tempo está sozinho ouça:... sem sonho está se movendo
é a vida: ouça: a fonte vivo canta
A cano eterna, na cabeça de colagem
De um Deus fervente, desentrar os seus olhos nus e verdes
Na cama da morgue... e com os olhos abertos!"
"dans vos viviers, dans vos étangs,
carpes, que vous vivez longtemps!
est-ce que la mort vous oublie,
poissons de la mélancolie.","carpas, viveis tão longa vida
nesses viveiros de água fria!
será que a morte vos olvida,
ó peixes da melancolia.",fr_XX,pt_XX,"Nas suas poças, nas suas poças,
Carps, que você vive por muito tempo!
A morte te esqueça,
peixas melancólicas."
"au fond, vois-tu, mon erreur,
ma grande folie,
c’est d’avoir charge ton coeur
de tout le poids de ma vie.
le jours où l’on s’est aimé,
j’ai cru qu’en ce coeur offert
j’allais pouvoir enfermer
tout mon univers.
c’est de cette erreur profonde
que maintenant nous souffrons.
on ne fait pas tenir le monde
derrière un front.
ton coeur est tendre et sincère,
ardent et soumis.
mais, tout seul, pouvait-il faire
que je me passe de ma mère
et de me amis?","afinal, meu gesto doido,
meu erro, querida,
foi ter posto em você
todo o peso da minha vida.
ao começar este amor
num coração tão diverso do meu
pensei poder pôr
todo o meu universo.
e é desse erro tão profundo
que vamos sofrendo então.
não se pode pôr um mundo
sobre um coração.
o seu coração é sincero,
ardente comigo
mas, só, será suficiente
para afastar-me dos parentes
e dos meus amigos?",fr_XX,pt_XX,"profundo, você vê, meu desagradado,
A minha maravilha insanidade,
É para ser carregado o seu corao
com o valor da minha vida.
No dia em que nós amamos um ao outro,
Eu pensei nessa corao
Eu seria possível relocar
O meu Universo.
É destes erros profundos
que agora estamos sofrendo.
Nós não fazemos o mundo ficar
Por trás de uma fronte.
O teu corao é terno e verdade,
Ardentado e subjugado.
Mas, sozinho, poderia ter podido fazer
que eu não faço com minha mãe
E os meus amigos?"
"la splendeur orientale,
tout y parlerait
à l’âme en secret
sa douce langue natale.
là, tout n’est qu’ordre et beauté,
luxe, calme et volupté.
vois sur ces canaux
dormir ces vaisseaux
dont l’humeur est vagabonde;
c’est pour assouvir
ton moindre désir
qu’ils viennent du bout du monde.
— les soleils couchants
revêtent les champs,
les canaux, la ville entière,
d’hyacinthe et d’or;
le monde s’endort
dans une chaude lumière.
là, tout n’est qu’ordre et beauté,
luxe, calme et volupté.","toda uma pompa oriental,
tudo aí à alma
falaria em calma
seu doce idioma natal.
lá, tudo é paz e rigor,
luxo, beleza e langor.
vê sobre os canais
dormir junto aos cais
barcos de humor vagabundo;
é para atender
teu menor prazer
que eles vêm do fim do mundo.
— os sanguíneos poentes
banham as vertentes,
os canais, toda a cidade,
e em seu ouro os tece;
o mundo adormece
na tépida luz que o invade.
lá, tudo é paz e rigor,
luxo, beleza e langor.",fr_XX,pt_XX,"Esplendor oriental,
Tudo vai falar sobre isso
minha alma em segredo
A sua doce língua nascida.
Ali, tudo é apenas um lindo e lindo,
de luxo, acalme-se e voluptuosa.
vejamos por essas canalas
Dormir essas navios
Que humor é vagabond;
É para dormir
O seu pequeno desejo
que vem do fim do mundo.
os sois vejos
Os campos, os campos, os campos, os campos, os campos, os campos, os campos, os campos, os campos, os campos, os campos, os campos, os campos, os campos, os campos, os campos, os campos, os campos, os campos, os campos, os campos, os, os campos, os campos, os, os campos, os, os campos, os campos, os campos, os campos, os campos, os campos, os campos, os campos, os campos, os campos, os campos, os campos, os campos, os campos, os campos, os campos, os campos, os campos, os campos, os campos, os campos, os campos, os campos, os campos, os campos, os campos, os campos, os campos, os campos, os campos, os campos, os campos, os campos, os campos, os campos, os campos, os campos, os campos, os, os campos, os campos, os campos, os, os campos, os campos, os, os campos, os campos, os campos, os, os campos, os campos, os, os campos, os campos, os campos, os, os campos, os campos, os, os campos, os campos, os campos,
Os canais, a cidade inteira,
Hiacinto e ouro;
O mundo está dormindo
Em luz quente.
Ali, tudo é apenas um lindo e lindo,
de luxo, acalme-se e voluptuosa."
"sans bruit, sous le miroir des lacs profonds et calmes,
le cygne chasse l’onde avec ses larges palmes,
et glisse. le duvet de ses flancs est pareil
a des neiges d’avril qui croulent au soleil;
mais, ferme et d’un blanc mat, vibrant sous le zéphire,
sa grande aile l’entraîne ainsi qu’un lent navire.
il dresse son beau col au-dessus des roseaux,
le plonge, le promène allongé sur les eaux,
le courbe gracieux comme un profil d’acanthe,
et cache son bec noir dans sa gorge éclatante.
tantôt le long des pins, séjour d’ombre et de paix,
il serpente, et, laissant les herbages épais
traîner derrière lui comme une chevelure,
il va d’une tardive et languissante allure.
la grotte où le poète écoute ce qu’il sent,
et la source qui pleure un éternel absent,
lui plaisent; il y rôde; une feuille de saule
en silence tombée effleure son épaule.
tantôt il pousse au large, et, loin du bois obscur,
superbe, gouvernant du côté de l’azur,
il choisit, pour fêter sa blancheur qu’il admire,
la place éblouissante où le soleil se mire.
puis, quand les bords de l’eau ne se distinguent plus,
a l’heure où toute forme est un spectre confus,
où l’horizon brunit rayé d’un long trait rouge,
alors que pas un jonc, pas un glaïeul ne bouge,
que les rainettes font dans l’air serein leur bruit,
et que la luciole au clair de lune luit,
l’oiseau, dans le lac sombre où sous lui se reflète
la splendeur d’une nuit lactée et violette,
comme un vase d’argent parmi des diamants,
dort, la tête sous l’aile, entre deux firmaments","calmo, do espelho azul d’água profunda e calma
à face errando, os pés, lânguido, o cisne espalma
e desliza. da neve os raros flocos brancos
lembra o fino frouxel que lhe amacia os flancos;
línea vela parece a asa que encurva e brande,
esbelto, e ora retrai, ora sacode e expande;
entre as ninféias indo, o alvo pescoço apruma,
colhe-o após, some-o n’água, estende-o sobre a espuma,
curva-o mole e gracioso, e ânfora antiga imita.
dos pinheiros ao longo, onde o silêncio habita
e a paz e a sombra, vai; rastejando na esteira,
que atrás fica, semelha intensa cabeleira
a basta ervagem fresca a palpitar. a gruta,
que a alma atrai do poeta e a voz da tarde escuta,
praz-lhe e a fonte que além flui, regurgita e bolha.
vendo-as, lento se arrasta. às vezes numa folha
leve cai do salgueiro e, em sua queda, leve,
roça-lhe, muda sombra, as plumas cor de neve.
caminha agora ao largo; o implexo da ramagem
deixa e a parte procura onde o esplendor selvagem
diz melhor com o brilhar d’água anilada e pura.
do lado é a parte mais azul que ele procura;
e lá vai… a cismar sobre as ondas serenas,
entrega à luz do sol a brancura das penas.
depois, quando, em redor, se confundem, caindo
a noite, do amplo lago as margens, e no infinito
horizonte há somente um ponto avermelhado;
quando tudo quedou, quando no ilimitado
do céu paira da lua o globo enorme e albente;
quando acende o lampiro a luz fosforescente,
e nem o menor sopro o débil junco embala:
o cisne, sob o olhar dessa noite de opala,
em seu lago sombrio, enfim, descansa; e, acaso
visto de alguém, assim, lembra de prata um vaso…
põe sob a asa a cabeça, os olhos sonolentos
fecha, e dorme, feliz, entre dois firmamentos.",fr_XX,pt_XX,"sem ruido, sob o espelho dos lacos profundos e acalmados,
O cisne chastas a maravilha com as suas paletes largas,
E escapar. O escrúpulo de suas quedas é o mesmo
ter nevas de abríl a balar-se ao sol;
Mas, perto e de um branco fosco, fervendo sob a zefira,
A asa larga o treina e um navio devagar.
ele se levanta de seu lindo pescoço sobre os canhos,
mergulhou-a, a promena deitada nas águas,
A ótima curva como um acanthe profil,
E esconda seu beico preto em seu brilhar através.
s vezes, uma ainda de sombra e de paz,
Cobras, e, deixando as herbígenas pesadas
afastando-o, como um cabelo,

A cova em que o poeta ouve o que ele sente,
E a fonte que chora uma ausentao eterna,
Ele gosta; está rolando em volta; uma folha de salgueiro
em silêncio caída toca o dedo.
Em outros cresce, e longe da madeira escura,
linda, a reger ao lado do azure,
ele escolhe, para celebrar a branquidade que admira,
O lugar brilhantante em que o sol brilha.
então, quando as bordas da água não distinguem mais,
No tempo em que cada forma é um espetro confusivo,
onde o horizo se dissipou por um longo caminho vermelho,
Quando não há cremao, não há gelao, não há filme, não há gelao, não há gelao, não h
Que as chuvas fazem o ruido no ar,
E as luz da luz da luz da luz da luz da luz da luz da luz da luz da luz da luz da luz da luz da luz da luz da luz da luz da luz da luz da luz da luz da luz da luz da luz da luz da luz da luz,
O pássaro, no lago escuro em que é sob
O Esplendor de uma noite lacy e violeta,
como um vasgo de prata no meio,
Dorme, com a cabeça sob a asa, entre dois fimamentos"
"ayez pitié, ayez pitié de moi,
a tout le moins, s’il vous plaît, mes amis!
en fosse gis, non pas sous houx ne mai,
en cet exil ouquel je suis transmis
par fortune, comme dieu l’a permis.
filles aimant jeunes gens et nouveaux,
danseurs, sauteurs, faisant les pieds de veaux,
vifs comme dards, aigus comme aiguillon,
gousiers tintant clair comme cascaveaux,
le laisserez là, le pauvre villon ?
chantres chantant à plaisance, sans loi,
galants riant, plaisants en faits et dits,
coureux allant francs de faux or, d’aloi,
gens d’esperit, un petit étourdis,
trop demourez, car il meurt entandis.
faiseurs de lais, de motets et rondeaux,
quand mort sera, vous lui ferez chaudeaux!
où gît, il n’entre éclair ne tourbillon:
de murs épais on lui a fait bandeaux.
le laisserez là, le pauvre villon?
venez le voir en ce piteux arroi,
nobles hommes, francs de quart et de dix,
qui ne tenez d’empereur ne de roi,
mais seulement de dieu de paradis;
jeûner lui faut dimanches et merdis,
dont les dents a plus longues que râteaux;
après pain sec, non pas après gâteaux,
en ses boyaux verse eau à gros bouillon;
bas en terre, table n’a ne tréteaux.
le laisserez là, le pauvre villon?
princes nommés, anciens, jouvenceaux,
lmpétrez-moi grâces et royaux sceaux,
et me montez en quelque corbillon.
ainsi le font, l’un à l’autre, pourceaux,
car, où l’un brait, ils fuient à monceaux.
le laisserez là, le pauvre villon?","tende piedade, ó tende piedade
ao menos vós, amigos mais sentidos!
no fosso estou, e sem amenidades
cá neste exílio ao qual fui remetido
pela sorte, e por deus foi permitido.
moças, amantes, jovens e donzéis,
saltimbancos girando sobre os pés,
gargantas-guizos como cascavéis,
fica o pobre villon sob os grilhões?
cantores livres, soltos, à vontade,
galantes palradores desmedidos,
biltres sem ouro falso ou de verdade,
seres de tanto espírito aturdido,
tardais muito, porque morre estendido!
com rondós e motetos, menestréis,
dai-lhe, ao morrer, um bom caldo, ao invés!
onde está, não vão raios, turbilhões:
muros espessos são vendas cruéis.
fica o pobre villon sob os grilhões?
vinde vê-lo em atroz calamidade,
nobres homens, sem tributos retidos,
que sois livres de império e majestade,
e só a deus no céu sois prometidos.
terça e domingo são jejuns batidos
e tem os dentes mais longos que ancinhos;
após pão seco – e nada de pastéis –
corre nas tripas água aos borbotões.
jaz no solo, sem mesa e sem tripés:
fica o pobre villon sob os grilhões?
príncipes raros, velhos ou donzéis,
dai-me o selo real sobre os papéis
e tirai-me em canastra dos porões;
até os porcos juntos são fiéis:
se um ronca, seguem outros em tropéis.
fica o pobre villon sob os grilhões?",fr_XX,pt_XX,"ter feliz, ter feliz por mim,
Pelo menos, por favor, meus amigos!
em cémulo, não de feria, não posso,
nessa exilao, ou que eu sou transmissão
por frente, como se deixasse.
as moças amarem os jovens e os novos,
dançadores, queeeps, que fazem pés de vitelo,
Vivem como dardos, apertado como picar,
bêbedos limpos,
Você vai deixá-lo lá, a pobre guilda?
Cantando de prazer, sem lei,
Galantia risando, agradável no rosto e disse:
corres que se livrem de fake gold, de aloi,
pessoas de alegria, um pouco tontas,
Demais, porque ele morre entandis.
Lais, motéis e roupeiros,
Quando morto está, você o fará aquecer!
Onde ele se deita, ele não vem em lightbrush:
Estas paredes deixámo-la de pés.
Vai deixá-lo lá, a pobre guilda?
Venha e o veja com esta pequena pressa,
homens nobres, quatro e dez francos,
que não têm o imperador do rei,
só de Deus de paradis;
Jejudá-lo precisa de domingos e foda-se,
com dentínios que são mais que rakes;
apois do pão seco, não apois dos bolos,
Em seus garotos deitam água com uma bolha;
No chão, a mesa não tem treteaux.
Vai deixá-lo lá, a pobre guilda?
Condecorados, velhos, escrúpulos,
Impegue-me com grandidade e marcas régias,
E me entrar em um pouco de corbillon.
Então faça-o, um para o outro, degraus,
Porque, onde ninguém javalis, eles estão correndo para altos.
Vai deixá-lo lá, a pobre guilda?"
"buona vespre! dors: ton bout de cierge…
on l’a posé là, puis on est parti.
tu n’auras pas peur seul, pauvre petit?…
c’est le chandelier de ton lit d’auberge.
du fesse-cahier ne crains plus la verge,
va!… de t’éveiller point n’est si hardi.
buona sera! dors: ton bout de cierge…
est mort. — il n’est plus, ici, de concierge:
seuls, le vent du nord, le vent du midi
viendront balancer un fil-de-la-vierge.
chut! pour les pieds-plats, ton sol est maudit.
— buona nocte! dors: ton bout de cierge…","buona vespre! dorme: teu círio termina…
puseram aqui, depois foram embora.
pobre criança, não tenhas medo agora…
é um castiçal de albergue que te ilumina.
dá o livro à palmatória, é tua sina,
não temas!… acordar-te é o que os apavora.
buona sera! dorme: teu círio termina…
de morrer. – no albergue vazio só te nina
o vento do sul ou do norte, lá fora,
que na tua teia de aranha bafora.
psiu! teu solo o pé-de-anjo abomina.
– buona notte! dorme: teu círio termina…",fr_XX,pt_XX,"Boona vespre! dormir: seu pedaço de cierge...
Nós o pomos lá, e nós o fomos.
Você não vai ter medo sozinho, coitado?...
É o lustre da tua cama.
da cayer jejuar não mais medo da rod,
Vá!... acordar não é tão difícil.
será buona! dormir: seu pedaço de cierge...
Ele está morto. Ele não é mais, aqui, um concierge:
Sozinho, o vento do Norte, o vento do Sul
Virá a influir em um caminho do caminho.
Caia! para os pés de folha, seu chão é amaldiçado.
buona nocte! dormir: seu pedaço de cierge..."
"serré, fourmillant, comme un million d’helminthes,
dans nos cerveaux ribote un peuple de démons,
et, quand nous respirons, la mort dans nos poumons
descend, fleuve invisible, avec de sourdes plaintes.
si le viol, le poison, le poignard, l’incendie,
n’ont pas encor brodé de leurs plaisants dessins
le canevas banal de nos piteux destins,
c’est que notre âme, hélas! n’est pas assez hardie.
mais parmi les chacals, les panthères, les lices,
les singes, les scorpions, les vautours, les serpents,
les monstres glapissants, hurlants, grognants, rampants,
dans la ménagerie infâme de nos vices,
il en est un plus laid, plus méchant, plus immonde!
quoiqu’il ne pousse ni grands gestes ni grands cris,
il ferait volontiers de la terre un débris
et dans un bâillement avalerait le monde;
c’est l’ennui! — l’œil chargé d’un pleur involontaire,
il rêve d’échafauds en fumant son houka.
tu le connais, lecteur, ce monstre délicat,
— hypocrite lecteur, — mon semblable, — mon frère!","espesso, a fervilhar, qual um milhão de helmintos,
em nosso crânio um povo de demônios cresce,
e, ao respirarmos, aos pulmões a morte desce,
rio invisível, com lamentos indistintos.
se o veneno, a paixão, o estupro, a punhalada
não bordaram ainda com desenhos finos
a trama vã de nossos míseros destinos,
é que nossa alma arriscou pouco ou quase nada.
em meio às hienas, às serpentes, aos chacais,
aos símios, escorpiões, abutres e panteras,
aos monstros ululantes e às viscosas feras,
no lodaçal de nossos vícios imortais,
um há mais feio, mais iníquo, mais imundo!
sem grandes gestos ou sequer lançar um grito,
da terra, por prazer, faria um só detrito
e num bocejo imenso engoliria o mundo;
é o tédio! — o olhar esquivo à mínima emoção,
com patíbulos sonha, ao cachimbo agarrado.
tu conheces, leitor, o monstro delicado
— hipócrita leitor, meu igual, meu irmão!",fr_XX,pt_XX,"aperto, brilhante, como um milhão de helmintos,
Em nossos cérebros ribota um pesso de demônios,
E, quando respiramos, a morte em nossos pulmõnios
Desce, córrego invisível, com gargalhadas surdas.
se o rap, o veneno, o amor,
não tivessido com os seus filhos agradáveis
O banal pequeno dos nossos pequenos destinos,
É apenas a nossa alma, ai! não é difícil o suficiente.
Mas além dos chacais, das panteras, dos piolhos,
Macacos, escorpiões, abutres, serpentes,
Os monstros são são são são são são são são são são são são são são são são são são são são são são s
Na gargalhada errada dos nossos vicios,
ele é um mais selvagem, mais selvagem, mais selvagem!
Que ótimos géstos, ou óttima felicidade,
ele queria fazer da Terra uma florao
E em um filho de anos, o mundo seria seguido;
É tedio! o olfo carregado de lágrimas involuntárias,
Ele sonha com sacafauds fumando seu houka.
Você sabe, letor, este monstro delicado,
releitor hipócrita, meu gosto, irmão!"
"tu t’acharnes sur la beauté.
et quelles femmes ont été
victimes de ta cruauté !
eve, eurydice, cléopâtre;
j’en connais encor trois ou quatre.","sei que te obstinam as beldades
e que nelas com acuidade
exerceu tua crueldade!
cleópatra, eurídice, eva,
sei de outras três em tua leva.",fr_XX,pt_XX,"Você se apressa com a beleza.
E que as mulhers têvem têvem têve têve têve têve têve têve têve têve têve têve têve têve têve têve têve têve têve têve têve têve têve têve têve têve têve têve têve têve t
Você foi vítima da sua cruelza!
ev, eurídico, cleópatra;
Eu sei de 3 ou 4."
"la lune était sereine et jouait sur les flots. –
la fenêtre enfin libre est ouverte à la brise,
la sultane regarde, et la mer qui se brise,
là-bas, d’un flot d’argent brode les noirs îlots.
de ses doigts en vibrant s’échappe la guitare.
elle écoute… un bruit sourd frappe les sourds échos.
est-ce un lourd vaisseau turc qui vient des eaux de cos
battant l’archipel grec de sa rame tartare?
sont-ce des cormorans qui plongent tour à tour,
et coupent l’eau, qui roule en perles sur leur aile?
est-ce un djinn qui là-haut siffle d’une voix grêle,
et jette dans la mer les créneaux de la tour?
qui trouble ainsi les flots près du sérail des femmes? –
ni le noir cormoran, sur la vague bercé,
ni les pierres du mur, ni le bruit cadencé
du lourd vaisseau, rampant sur l’onde avec des rames.
ce sont des sacs pesants, d’où partent des sanglots,
on verrait, en sondant la mer qui les promène,
se mouvoir dans leurs flancs comme une forme humaine…
la lune était sereine et jouait sur les flots.","serena paira a lua e nas ondas rebrilha.
livre a janela, enfim, aberta para a brisa,
a sultana olha, além, e o mar que se repisa,
com um fluxo de prata adorna as negras ilhas.
vibrando, de seus dedos, escapa a guitarra.
ela ouve… um surdo som golpeia os surdos ecos.
uma grande nau turca a vir de águas de cos
a agitar o arquipélago com remos tártaros?
os alcatrazes, um a um, a mergulhar
cotando a água que rola em pérolas sobre as asas?
será um djim que lá do alto assovia em voz rasa
e lança ameias lá da torre para o mar?
quem pois resolve as vagas lá perto do harém?
nem o negro alcatraz sobre o fluxo embalado,
nem as pedras do muro ou o rumo ritmado
da grande nau pela onda e remos em vaivém.
são alforjes de peso; e dos prantos a trilha.
ver-se-ia ao sondar o mar que os engalana,
moverem-se em seus flancos tal qual forma humana…
serena paira a lua e nas ondas rebrilha.",fr_XX,pt_XX,"A lua era serena e brincou nos fluxos.
A janela finalmente livre está aberta para a quebra,
O sultano olha, e o mar que quebra,
Ali, com um fluído de dinheiro quebra as ilhas pretas.
Com os dedos vibrantes, escapa da violeira.
Ela ouve... um ruido surdo pequena o eco surdo.
é um navio curdo pesado que vem das águas de co
Lutar contra o Arquipélago Greciano de é tartare ram?
Os cormoranos nadem em volta,
E corte a água, quem monta em miças em suas asas?
é um jinn que assombra lá em uma voz pesada,
E joga no mar os slots da tore?
---------------------------------------------------------------------------------------------------------------------------------------------------------------------------------------------------------------------------------------
Não o cormorante negro, nas ondas abaladas,
noth as pedras da parede, nada caddened
do navio pesado, crescendo na urdilha com caminhas.
eles são sacos pesando, de onde os sobes começam,
veríamos, cantando o mar que o promulga,
movem-se nos seus calêncios como uma forma humana...
A lua era serena e brincou nos fluxos."
"on a dit qu’une vierge à la parure d’or
sur l’épaule des flots vint de cypre à cythère,
et que ses pieds polis, en caressant la terre,
à chacun de ses pas laissèrent un trésor.
l’oiseau vermeil, qui chante en prenant son essor,
emplit d’enchantements la forêt solitaire,
et les ruisseaux glacés où l’on se désaltère,
sentirent dans leurs flots plus de fraîcheur encor.
la fleur s’ouvrit plus pure aux baisers de la brise,
et sous les myrtes verts, la vierge plus éprise
releva dans ses bras son amant à genoux.
de même quand plus tard, autre anadyomène,
la renaissance vint, et rayonna sur nous,
toute chose fleurit au fond de l’âme humaine.","diz-se que uma virgem com ornamentos d’ouro,
no ombro das ondas, vinha entre o chipre e citera,
que os seus luzentes pés, acariciando a terra,
a cada passo dado deixava um tesouro.
canta o pássaro rubro a revoar, sem coro
encanta o bosque enquanto a solidão aterra,
e os frios arroios onde o homem se desaltera,
sentiram mais frescor desde o seu minadouro.
a flor se abre mais pura aos beijos da nortada,
e sob murtas a virgem mais enamorada
reergue nos seus braços o amante ajoelhado,
tal como floresceu no fundo da alma do homem
na vinda renascença, e sobre nós brilhado
tem da mesma maneira esta outra anadiômena.",fr_XX,pt_XX,"Nós dissíamos uma virgem com um adorno de doura
No súmido dos fluídos vem de cipre para cifra,
E que seus pés pólidos, preocupando-se com a Terra,
A cada um de seus pés deixou um tesouro.
O pássaro vermil, que canta, levando a sua manancial,
Cheio de encantes a floresta solitária,
E as águas geladas em que desalteramos,
Sentem nos seus fluxos mais freather freather.
A flor se abriu mais pura para o beijo da quebra,
- E debaixo da verde mirts, a virgem mais louca
O seu amante rosceu-se nos seus braços no joelho.
ainda, quando for mais tarde, outros anadyomenes,
O renascimento vem, e irradiou em nós,
tudo flore no profundo da alma humana."
"j’ai vu le soleil dur contre les touffes
ferrailler. — j’ai vu deux fers soleiller,
deux fers qui faisaient des parades bouffes;
des merles en noir regardaient briller.
un monsieur en ligne arrangeait sa manche;
blanc, il me semblait un gros camélia;
une autre fleur rose était sur la branche,
rose comme… et puis un fleuret plia.
— je vois rouge… ah oui! c’est juste: on s’égorge —
… un camélia blanc — là — comme sa gorge…
un camélia jaune, — ici — tout mâché…
amour mort, tombé de ma boutonnière.
— à moi, plaie ouverte et fleur printanière!
camélia vivant, de sang panaché!","eu vi o sol duro de encontrar aos tufos
esgrimir. – vi a esgrima ensolarar,
fazendo paradas em lances bufos;
melros de negro assistiam brilhar.
um senhor em camisa se apromtava;
parecia uma camélia, todo branco;
no ramo outra flor rosa vicejava
como… e o florete vergou num flanco.
– raiva, estou roxo!… ah! ele me degola –
… camélia branca – lá – como sua gola…
camélia amarela, – aqui – mastigada…
meu amor morto, da lapela caiu.
– eu , chaga aberta, flor primaveril!
camélia viva, de sangue matizada!",fr_XX,pt_XX,"Eu vi o sol duro contra os tufos
Scrap. Eu vi dois feros solando,
duas feras que fizeram paradas de comida;
Os vermelhos pretos olham brilhando.
um homem na linha marchou a sua ponta;
branco, eu parecia uma maravilhã;
outra flor de rosa estava no galho,
rosceu como... e então uma flor voa.
Eu vejo vermelho... ah sim! é apenas: nós durmamos
Uma camelia branca lá como ela através...
Uma camelia amarelo aqui tudo mordiu...
Amor morto, caí da minha casa de botão.
Para mim, ferida aberta e flor de manhã!
vivem felias, sangue ensangado!"
"il paraît que j’ai un beau sourire,
que mes yeux pétillent,
que mon regard fascine,
il est vrai que j’aime la vie.
il paraît que mes mots sont forts,
que suis douce et tendre,
que j’inspire le bonheur,
il est vrai que les envies me supportent.
si mon sourire est beau,
si mes yeux pétillent,
si mon regard fascine,
je ne vois que votre âme.
si mes mots sont forts,
si je suis douce et tendre,
si j’inspire le bonheur,
je ne vois que votre cœur.
où est le mal, je ne le vois pas,
si je ne vois que le bien !
ou est la critique, je ne le fais pas,
si je ne sais pas juger !
je me laisse bercer,
je suis le rythme.
je me laisse guider,
j’ai confiance en vous.
je glisse …
dans l’intelligence du cœur,
dans la beauté de l’âme,
dans la façon élégante,
dont les choses sont faites.
et …
puisse moi ne pas me tromper,
puissent les anges m’accompagner.","parece que tenho um belo sorriso,
que meus olhos faíscam,
que meu olhar facina,
é verdade que eu amo a vida.
parece que minhas palavras são fortes,
que sou serena e carinhosa,
que inspiro a felicidade,
é verdade que os desejos me suportam.
se meu sorriso é bonito,
se meus olhos faíscam,
se meu olhar facina,
é que so vejo sua alma.
se minhas palavras são fortes,
se sou serena e carinhosa,
se inspiro a felicidade,
é que so vejo seu coração.
onde esta o mal, eu não o vejo,
se eu so vejo o bem !
onde esta a crítica, eu não a faço,
se eu não sei julgar !
eu me deixo balançar,
eu sigo o ritmo,
eu me deixo guiar,
tenho confiança em voce.
eu desliso …
na inteligência do coração,
na beleza da alma,
na maneira elegante,
com a qual as coisas são feitas.
e …
possa eu não me enganar.
possam os anjos me acompanhar.",fr_XX,pt_XX,"Parece que eu tenho um belo sorriso,
Que meus olhos brilham,
Que o meu olhar fascinhe,
É verdade que eu amo a vida.
Parece que as minhas palavras são fortes,
o que eu sou doce e terno,
que inspirei a felicidade,
É verdade que os desejos me apoiam.
se o meu sorriso é lindo,
se os meus olhos brilham,
se o meu olhar fascina,
Eu vejo apenas a tua alma.
se as minhas palavras são fortes,
se eu for doce e terno,
se eu inspirar a felicidade,
Consigo ver o teu corao.
Onde é o mal, eu não vejo,
Se eu pudesse ver o bom!
Onde está a critica, eu não faço isso,
Se eu não posso julgar!
Estou me deixando,
Eu sou o ritmo.
Eu me deixei guiar,
Eu fiquei em ti.
Estou a escapar...
No intellecto do corao,
Na beleza da alma,
De um jeito elegante,
Que as coisas se fazem.
E...
Que eu não me esqueça a mim mesmo,
Que os anjos venham comigo."
