original_poem,translated_poem,src_lang,tgt_lang,translated_by_TA,topic
"vie de femme …
les sentiments passent en premier.
ils sont absorbés et préservés.
si banalisés … exterminés.
si entretenus … sauvegardés.
si sauvegardés, elle est séduite.
si exterminés, l’autre est vite oublié.
et le poisson prend le large …
pour nager dans d’autres rives,
a l’encontre d’une âme pure,
telle que la sienne.
la solitude corrompt l’âme.
le téméraire loyal qui passe par là,
chanceux ou don juan,
c’est qu’il est arrivé …
sur le bon endroit au bon moment.","vida de mulher …
os sentimentos passam em primeiro.
eles são absorvidos e preservados.
si banalizados … exterminados.
si alimentados… salvados.
si salvados, ela é seduzida.
si exterminados, o outro é rápido esquecido.
e o peixe cai em alto mar …
para nadar em outras margens,
ao encontro de uma alma pura,
tal como a sua.
a solidão corrompe a alma.
o temerário leal que ali passa,
felizardo ou don juan,
é que ele chegou …
no bom lugar no momento certo.",fr_XX,pt_XX,"vida de mulher...
os sentimentos vêm em primeiro lugar.
eles são absorvidos e preservados.
se banalizados... exterminados.
se cultivados... preservados.
se preservados, ela é seduzida.
se exterminados, o outro é rapidamente esquecido.
e o peixe parte para longe...
para nadar em outras margens,
indo contra uma alma pura,
como a sua.
a solidão corrompe a alma.
o audacioso leal que passa por ali,
sortudo ou don juan,
é porque ele chegou...
no lugar certo, na hora certa.",1
"vie de femme …
les sentiments passent en premier.
ils sont absorbés et préservés.
si banalisés … exterminés.
si entretenus … sauvegardés.
si sauvegardés, elle est séduite.
si exterminés, l’autre est vite oublié.
et le poisson prend le large …
pour nager dans d’autres rives,
a l’encontre d’une âme pure,
telle que la sienne.
la solitude corrompt l’âme.
le téméraire loyal qui passe par là,
chanceux ou don juan,
c’est qu’il est arrivé …
sur le bon endroit au bon moment.","vida de mulher …
os sentimentos passam em primeiro.
eles são absorvidos e preservados.
si banalizados … exterminados.
si alimentados… salvados.
si salvados, ela é seduzida.
si exterminados, o outro é rápido esquecido.
e o peixe cai em alto mar …
para nadar em outras margens,
ao encontro de uma alma pura,
tal como a sua.
a solidão corrompe a alma.
o temerário leal que ali passa,
felizardo ou don juan,
é que ele chegou …
no bom lugar no momento certo.",fr_XX,pt_XX,"vida de mulher…
os sentimentos vêm em primeiro lugar.
eles são absorvidos e preservados.
se banalizados… exterminados.
se nutridos… salvaguardados.
se salvaguardados, ela é seduzida.
se exterminados, o outro é rapidamente esquecido.
e o peixe se afasta…
para nadar em outras margens,
em direção a uma alma pura,
como a sua.
a solidão corrompe a alma.
o corajoso leal que passa por ali,
sortudo ou don juan,
é porque ele chegou…
no lugar certo, na hora certa.",1
"ta différence …
où es tu, que fais tu, comment vas-tu ?
et le temps qui passe et cette bataille éternelle,
« ta différence » fait ton arrogance et ta peur.
la peur qui t’enferme dans ta coquille,
« ta différence » qui t’isole dans ton monde.
et la solitude nous corrompt et nous ronge les âmes.
et ton esprit se souvenant encore du mien,
s’adosse sur mon âme et la rends nostalgique et fragile.
et mon esprit se souvenant encore du tien,
s’adosse sur ton âme et la rends nostalgique et fragile.
je le sais … ton berceau différent du mien,
je le sais … ton être enchainé à la profondeur de ta créature.
et tes envies dans ton esprit confus, tourbillonnant dans ton cœur…
et la peur … incrustée en toi te rendant craintif et indécis.
ton âme je l’ai percée …
si seulement ton coeur me serait ouvert,
le temps serait à nous,
« ta différence » serait la mienne,
et nous serions heureux …","sua diferença …
onde está você, que faz você, como vai você ?
e o tempo que passa et esta batalha eterna,
« sua diferença » faz sua arrogância e seu mêdo.
o mêdo que te encarcera no seu caracol,
« sua diferença » que te isola no seu mundo.
e a solidão nos corrompe et nos rói as almas.
e seu espírito se lembrando aínda do meu,
se encosta na minha alma e a torna nostálgica e frágil.
e meu espírito se lembrando aínda do seu,
se encosta na sua alma e a torna nostálgica e frágil.
eu sei … seu berço diferente do meu,
eu sei … seu ser prisoneiro na profundeza de sua criação.
e seus desejos no seu espírito confuso, turbilhonando no seu coração …
e o mêdo … encrustado em voce lhe tornando receioso e indeciso.
sua alma eu a penetrei …
se seu coração tivesse se abrido,
o tempo sería nosso,
sua diferença seria minha,
e nós seríamos felizes …",fr_XX,pt_XX,"A tua diferença...
Onde estás, o que fazes, como estás?
E o tempo que passa e essa batalha eterna,
""A tua diferença"" faz a tua arrogância e o teu medo.
O medo que te aprisiona na tua concha,
""A tua diferença"" que te isola no teu mundo.
E a solidão nos corrompe e nos roí as almas.
E o teu espírito ainda se lembrando do meu,
se apoia na minha alma e a torna nostálgica e frágil.
E o meu espírito ainda se lembrando do teu,
se apoia na tua alma e a torna nostálgica e frágil.
Eu sei... o teu berço diferente do meu,
Eu sei... o teu ser acorrentado à profundidade da tua criatura.
E os teus desejos na tua mente confusa, tumultuando no teu coração...
E o medo... incrustado em ti, tornando-te temeroso e indeciso.
A tua alma eu a perfurei...
Se ao menos o teu coração se abrisse a mim,
o tempo seria nosso,
""A tua diferença"" seria a minha,
e seríamos felizes...",1
"vous, mon amour; mon amour des yeux verts.
vous, mon amour.
mon amour des yeux verts,
qui j’ai rencontré un jour.
vous, mon amour.
mon amour des yeux verts,
tempête, torrent, volcan dans mon âme,
dés les premiers instants.
vous, les yeux verts, visage brun,
qui je n’ai jamais oublié,
vous, les yeux verts, visage brun,
redis-moi ton prénom mon amour,
pour rêver de vous, vous tenir par la main,
vous embrasser comme jamais,
et vous garder auprès de moi.
vous, mon amour,
qui m’a tant impressionnée,
vous êtes plus fort que le passé,
plus fort que le présent,
plus fort que le temps.
ai … si vous le saviez,
combien mon repenti,
d’être partie sans vous dire combien,
combien je vous désirais …","voce, meu amor; meu amor dos olhos verdes.
voce, meu amor.
meu amor dos olhos verdes,
que eu encontrei um dia.
voce, meu amor.
meu amor de olhos verdes,
tempestade, torrente, vulcão na minha alma,
desde o primeiro instante.
você, dos olhos verdes, visagem morena,
que eu nunca esqueci.
voce, dos olhos verdes, visagem morena,
repete seu nome pra mim meu amor,
para eu sonhar com voce,
lhe trazer pela mão,
lhe beijar como nunca,
e lhe guardar junto a mim.
voce, meu amor,
que tanto me impressionou,
é mais forte que o passado,
é mais forte que o presente
é mais forte que o tempo.
ai … si voce soubesse,
quanto o meu arrependimento,
ter partido sem lhe dizer o quanto,
o quanto eu lhe queria …",fr_XX,pt_XX,"tu, meu amor; meu amor de olhos verdes.
tu, meu amor.
meu amor de olhos verdes,
que um dia encontrei.
tu, meu amor.
meu amor de olhos verdes,
tempestade, rio, vulcão em minha alma,
desde os primeiros instantes.
tu, olhos verdes, rosto moreno,
que nunca esqueci,
tu, olhos verdes, rosto moreno,
diz-me novamente teu nome, meu amor,
para sonhar contigo, te segurar pela mão,
te beijar como nunca,
e te manter perto de mim.
tu, meu amor,
que tanto me impressionou,
és mais forte que o passado,
mais forte que o presente,
mais forte que o tempo.
ai ... se soubesses,
quanto me arrependo,
de ter partido sem dizer o quanto,
o quanto eu te desejava ...",1
"prélude …
donnons nous l’envie,
l’ envie de nous découvrir,
de nous désirer, de nous donner enfin.
ouvrons nous le cœur avant de commencer.
soyons l’envie de l’autre, dans l’écoute et dans les mots.
quoi de plus beau, de plus excitant, q‘un baiser accompagné d’une âme bien aimée ?
quoi de plus vibrant, de plus désiré, q’un câlin sorti de la fusion de nos âmes entrelacées ?
puis, sans crainte, sans aucune réticence, nos cœurs couronnés, nous âmes avides, nos corps suivent en symbiose … l’union parfaite, un seul corps, donnant ainsi à tout jamais, l’envie de suivre à deux, dans une alliance harmonieuse, pour une vie pleine d’amour.
cela serait un rêve, d’une maturité remplie d’ardeur…
heureux celui qu’arrive la garder auprès de soi, pour satisfaire tous ses désirs :
des mots et de l’écoute,
des regards et de la présence,
des baisers et encore des baisers,
et des sourires et des larmes.
l’important c’est d’être ensemble, ne se quitter, que pour mourir… et peut-être, qu’au-delà, se retrouver, si dieu le veut …","preludio …
demo-nos o desejo,
o desejo de nos descobrir, de nos desejar,
de nos dar-mos enfim.
abramo-nos o coração antes de começar.
sejamos o desejo do outro na escuta e nas palavras.
que existe de mais belo, de mais excitante,
que um beijo acompanhado de uma alma querida?
que existe de mais vibrante, de mais desejado,
que um carinho saido da fusão, de nossas almas entrelaçadas ?
depois sem mêdo, sem nenhuma reticencia, nossos corações coroados, nossas almas avidas,
nossos corpos seguem, em simbiose … a união perfeita, un so corpo, dando assim, para sempre, o desejo de seguir a dois numa aliança harmoniosa,
para uma vida cheia de amor.
isto seria um sonho, de uma maturidade repleta de ardor …
feliz aquele que consegue guarda-la junto a si para satisfazer todos seus desejos :
de palavras, de escuta,
de olhares e de presença,
de beijos e mais beijos,
e de sorrisos e de lágrimas.
o importante é estar juntos, se separar, so para morrer …
e talvez que, no além, se reencontrar, si deus quiser…",fr_XX,pt_XX,"prelúdio...
deixemo-nos levar,
levar-nos a descobrir,
a desejar-nos, a finalmente nos dar.
abramos o coração antes de começar.
sejamos a vontade um do outro, na escuta e nas palavras.
o que há de mais belo, de mais excitante, do que um beijo acompanhado de uma alma amada?
o que há de mais vibrante, de mais desejado, do que um abraço surgido da fusão de nossas almas entrelaçadas?
então, sem medo, sem qualquer reticência, nossos corações coroados, nossas almas ávidas, nossos corpos seguem em simbiose... a união perfeita, um só corpo, dando assim para sempre, a vontade de seguir a dois, em uma aliança harmoniosa, para uma vida cheia de amor.
isso seria um sonho, de uma maturidade repleta de ardor...
feliz aquele que consegue mantê-lo consigo, para satisfazer todos os seus desejos:
de palavras e escuta,
de olhares e presença,
de beijos e mais beijos,
e de sorrisos e lágrimas.
o importante é estar juntos, não se separar, senão para morrer... e talvez, além disso, reencontrar-se, se Deus assim o quiser...",1
"passion, amour, sexe …
homme, que faites-vous?
vos paroles viriles, fébriles, attisées,
poussant les portes d’un rêve oublié,
dans l’âme d’une femme douée,
que le monde semble agripper…
homme, que voulez-vous ?
sentir votre verge danser dans ses entrailles,
voir son corps frémissant et attisé,
jusqu’à ce que votre désir igné,
hurle sa chanson charnelle ?
et voir s’envoler de nouveau,
la passion pour un désir fougueux,
qui part vous laissant le vide,
jusqu’à ce qu’une autre flamme la suscite de nouveau ?
ou voulez-vous, homme…
la serrer contre votre cœur,
l’aimer et sentir bonheur,
chaque soir, chaque matin,
et encore saluer dieu
pour chaque jour de vie en vous !?","paixão, amor, sexo ..
homem, que estas fazendo ?
tuas palavras viris, febris, instigadas, forçando as portas de um sonho esquecido,
na alma de uma mulher dotada,
que o mundo parece agarrar…
homem, que estas querendo ?
sentir tua haste dançar em seu ventre,
ver seu corpo tremer de excitação,
até que teu desejo ígneo,
brade sua canção ?
e ver partir de novo,
a paixão por um desejo fogoso,
que parte te deixando o vazio,
até que outra chama, a desperte de novo ?
ou queres, homem…
aperta-la contra seu coração,
amá-la e sentir felicidade,
toda manhã, toda noite
e ainda saudar deus
por cada dia de vida em vós ?!!!",fr_XX,pt_XX,"paixão, amor, sexo…
homem, o que você faz?
suas palavras viris, febris, incendiadas,
empurrando as portas de um sonho esquecido,
na alma de uma mulher talentosa,
que o mundo parece agarrar…
homem, o que você deseja?
sentir seu falo dançar em suas entranhas,
ver seu corpo tremendo e incendiado,
até que seu desejo ígneo,
grite sua canção carnal?
e ver voar de novo,
a paixão por um desejo ardente,
que parte deixando-o vazio,
até que outra chama o reacenda?
ou você deseja, homem…
abraçá-la contra seu coração,
amá-la e sentir felicidade,
cada noite, cada manhã,
e ainda saudar Deus
por cada dia de vida em você!?",1
"cœur déchiré
pourquoi l’avoir dérobé, si tu ne désirais pas le garder ?
et ainsi avec tant d’ardeur, à leurer même le cupidon ?
oh voleur ! tôt ou tard je te le reprendrai,
et aussi brutalement comme tu me l’as fait à moi.
en arrivant comme un angelot,
en partant comme un voleur,
et comme si le monde,
ne tournait qu’autour de toi.
ce jour arrivera et toi,
ne te moqueras plus de moi, de ma naïveté.
et tu éprouveras comme moi aujourd’hui,
l’abandon, la déchirure, un mal être bien défini.
et l’amour, de retour dans mon ego,
je le détiendrai si calme, si serein,
dans mon être plein de vie,
pour un autre bien choisi.","coração rasgado
porque tê-lo roubado, se não desejava guarda-lo ?
e com tanto ardor, enganando até o cupido ?
oh ladro ! cedo ou tarde eu o pegarei de volta,
assim tão brutalmente como o fez comigo.
chegando como um anjinho,
partindo como um ladrão,
et como se o mundo,
so girasse ao seu redor.
este dia chegará e voce,
nao rirá mais de mim, de minha inocencia.
e provará como eu atualmente,
o abandono, o rasgão, um mal estar bem definido.
e o amor, de volta ao meu ego,
eu o guardarei tão calmo, tão sereno
no meu ser cheio de vida,
para um outro bem escolhido.",fr_XX,pt_XX,"coração partido
por que o roubaste, se não querias mantê-lo?
e assim, com tanta paixão, enganando até Cupido?
oh ladrão! cedo ou tarde vou retomá-lo,
e tão brutalmente como fizeste comigo.
chegando como um anjinho,
partindo como um ladrão,
e como se o mundo
girasse apenas em torno de ti.
esse dia chegará e tu,
não mais zombarás de mim, da minha ingenuidade.
e sentirás como eu hoje,
o abandono, a dilaceração, um mal-estar bem definido.
e o amor, de volta ao meu ego,
eu o segurarei tão calmo, tão sereno,
em meu ser cheio de vida,
para outro escolhido com sabedoria.",1
"mon poète …
l’esprit hanté par ce qui est déjà éteint, par ce qui n’y est plus.
je le veux, je le projette vers un futur débordé de vie et d’amour sincère mais,
mon poète préfère toujours le passé,
et suscite la tristesse …","meu poeta …
o espirito obsecado pelo que ja está apagado, por aquilo que ja não é mais.
eu o quero, eu o projeto em um futuro transbordante de vida et de amor sincero mas,
meu poeta prefere sempre o passado,
e suscita a tristesa …",fr_XX,pt_XX,"meu poeta...
a mente assombrada pelo que já se apagou, pelo que não está mais lá.
eu o quero, eu o projeto em direção a um futuro transbordando de vida e amor sincero mas,
meu poeta sempre prefere o passado,
e desperta a tristeza...",1
"mon fils …
vingt ans se sont passés …
avant je te soutenais dans mes bras,
et ne ratais un seul instant,
pour te faire plein de bisous partout.
aujourd’hui t’as pris tes pas,
et suis seul ton avenir.
comme un grand, plein de sagesse,
t’es ma fierté, mon seul but.
j’ai toute confiance en toi,
pour mettre en œuvre ce que je t’ai appris,
pour bâtir une vie honnête,
remplie de toutes les vertus.
et mon amour qui te suit,
ne demande qu’à te soutenir,
te donner la force pour réussir,
et à dieu de te protéger toujours.","meu filho …
vinte anos se passaram …
antes eu lhe amparava nos meus braços,
e não perdia um so instante,
para lhe dar um montão de beijinhos.
hoje voce caminha autônomo,
et segue sozinho seu futuro.
como um senhor,
cheio de juizo,
voce é meu orgullo,
meu único alvo.
tenho toda confiança em voce,
para colocar em obras tudo que lhe ensinei,
para construir uma vida honesta,
cheia de todas as virtudes.
et meu amor que lhe segue,
pede para lhe apoiar sempre,
lhe dar forças para vencer,
et a deus de lhe proteger.",fr_XX,pt_XX,"meu filho …
vinte anos se passaram …
antes, eu te segurava nos meus braços,
e não perdia um só momento,
para te encher de beijos por toda parte.
hoje, você deu seus passos,
e eu acompanho sozinho o seu futuro.
como um grande, cheio de sabedoria,
você é o meu orgulho, o meu único objetivo.
tenho total confiança em você,
para colocar em prática o que te ensinei,
para construir uma vida honesta,
repleta de todas as virtudes.
e o meu amor que te segue,
só deseja te apoiar,
te dar a força para ter sucesso,
e a Deus para te proteger sempre.",1
"moment de nostalgie.
oh sentiment profond,
qui pénètre la poitrine et insiste à y rester.
cette chose poignante qui révèle le vide,
paralyse le regard le remplissant de tristesse.
oh, sentiment qui creuse,
qui jette dans le vide,
tout être aimable sans aucune pitié.
obligée je suis de te laisser la place,
si tu insistes à m’y habiter.
voilà, une lueur s’impose !
me dévoile, me secoue, t’arrachant de moi.
je partais fragile, naïve et inerte,
contente je suis de m’être séparée de toi.","momento de nostalgia
oh sentimento profond,
que penetra no peito
e insiste em ali ficar,
esta coisa pungente que revela o vazio,
paralisa o olhar lhe enchendo de tristesa.
oh, sentimento que perfura, que joga no vazio todo ser amável,
sem nenhuma piedade.
obrigada eu sou de me deixar partir,
se tu persistes em dentro morar …
eis que uma luz se impõe,
me desvela, me sacode,
te arrancando de mim.
eu partia frágil, inocente e inerte,
contente estou de ter me separado de ti.",fr_XX,pt_XX,"momento de nostalgia.
oh, sentimento profundo,
que penetra o peito e insiste em permanecer.
essa coisa tocante que revela o vazio,
paralisa o olhar, enchendo-o de tristeza.
oh, sentimento que escava,
que joga no vazio,
todo ser amável sem piedade alguma.
sou obrigada a te dar espaço,
se insistes em habitar em mim.
aqui está, uma luz se impõe!
me revela, me sacode, te arrancando de mim.
partia frágil, ingênua e inerte,
feliz estou por ter me separado de ti.",1
"t’es vraiment amoureux ?
alors, t’es pris par un sentiment féroce …
comme un aimant,
il t’attire, inlassablement, vers ton bien aimé.
il envahit ton être, tu deviens radieux et envoûté.
il t’emmène dans un tourbillon de désirs.
désirs de l’autre, de le toucher,
du contact de son corps contre le tien,
et quel plaisir de sentir sa respiration …
l’importance de sa présence,
c’est la fleur assoiffée qui boit,
c’est l’enfant perdu qui retrouve sa mère,
c’est le poisson que tu remets dans l’eau,
c’est l’oiseau dans son premier envol,
c’est ton premier regard devant l’océan,
et le sans-abri, à qui tu donnes une maison …
que c’est bon de l’avoir à tes côtés …
de pouvoir poser tes regards en admiration sur les siens,
de pouvoir le caresser pour exprimer ta tendresse,
de lui sourire et d’en recevoir à ton tour,
de pouvoir lui parler et entendre sa voix,
et de l’embrasser et lui dire : je t’aime…","estás realmente apaixonado ?
então, estás tomado por un sentimento feroz …
como um imã,
ele te atrai, incançavelmente, para teu bem amado.
ele invade teu ser, tu te tornas radioso e cativo.
ele te leva num turbilhão de desejos.
desejos do outro, de tocá-lo,
do contato de seu corpo contra o teu,
e que prazer de sentir sua respiração …
a importancia de sua presença …
é a flor sediada que bebe,
é a criança perdida que reencontra sua mãe,
é o peixe que tu recolocas na água,
é o pássaro no seu primeiro vôo,
é teu primeiro olhar diante do oceano,
e é o sem- abrigo, à quem tu daste uma casa …
como é bom tê-lo ao teu lado …
de poder cruzar olhares de admiração,
de poder acariciá-lo para exprimir teu afeto,
de lhe sorrir et de receber o seu,
de poder lhe falar e escutar sua voz,
e de lhe abraçar et lhe dizer : eu te amo.",fr_XX,pt_XX,"Estás realmente apaixonado?
Então, estás dominado por um sentimento feroz...
como um ímã,
ele te atrai, incansavelmente, para o teu amado.
Ele invade o teu ser, tornando-te radiante e encantado.
Ele te leva a um turbilhão de desejos.
Desejos pelo outro, de tocar nele,
do contato do seu corpo contra o teu,
e que prazer sentir a sua respiração...
A importância da sua presença,
é a flor sedenta que bebe,
é a criança perdida que reencontra a mãe,
é o peixe que devolves à água,
é o pássaro no seu primeiro voo,
é o teu primeiro olhar diante do oceano,
e o sem-abrigo a quem dás uma casa...
Que bom tê-lo ao teu lado...
poder admirar os seus olhos com admiração,
poder acariciá-lo para expressar a tua ternura,
sorrir para ele e receber um sorriso em troca,
poder falar com ele e ouvir a sua voz,
e beijá-lo e dizer-lhe: eu te amo...",1
"je te voulais auprès de moi …
mais je ne savais pas où te trouver,
je voulais t’appeler,
mais je ne savais pas en quelle direction,
je voulais de ton amour,
mais je ne savais pas qu’il existait.
combien de fois dans mes rêves,
je t’ai emmené auprès de moi …
je rêvais de toi, sans t’avoir jamais vu.
je rêvais de ton êtr sans t’avoir jamais rencontré.
je t’ emmenais déjà auprès de moi …
je sentais ta chaleur sans que je sache que c’était la tienne.
je sentais ta vibration sans que je sache que c’était toi.
je sentais tes baisers sans que je sache que c’étaient tes lèvres.
aujourd’hui, t’es rentré dans mon âme,
comme une brise câline et ardente,
m’apportant paix et sérénité.
je te respire, je te sens, je te vis profondément.
reste auprès de moi …","eu ja te queria perto de mim …
mas não sabia onde te encontrar,
eu queria te chamar,
mas não sabia em qual direção,
eu queria do teu amor,
mas não sabia que ele existia.
quantas vezes nos meus sonhos,
eu te levei junto a mim …
eu sonhava contigo, sem nunca ter te visto.
eu sonhava com teu ser, sem nunca ter te encontrado.
eu ja te levava junto a mim …
eu sentia teu calor, sem que eu soubesse que era o teu.
eu sentia tua vibração, sem que eu soubesse que eras tu.
eu sentia teus beijos, sem que eu soubesse que eram teus lábios.
hoje, tu entraste na minha alma,
como uma brisa meiga e cálida,
me trazendo paz e serenidade.
eu te respiro, te sinto, te vivo profundamente.
ficas comigo …",fr_XX,pt_XX,"Eu queria você ao meu lado…
mas não sabia onde te encontrar,
eu queria te chamar,
mas não sabia em que direção,
eu queria o seu amor,
mas não sabia que ele existia.
Quantas vezes nos meus sonhos,
te levei ao meu lado…
eu sonhava com você, sem nunca ter te visto.
eu sonhava com o seu ser, sem nunca ter te conhecido.
eu já te levava ao meu lado…
sentia o seu calor sem saber que era o seu.
sentia a sua vibração sem saber que era você.
sentia os seus beijos sem saber que eram seus lábios.
hoje, você entrou na minha alma,
como uma brisa carinhosa e ardente,
me trazendo paz e serenidade.
eu te respiro, te sinto, te vivo profundamente.
fica ao meu lado…",1
"je me souviens
j’aimais quand tu pensais à moi.
quand t’arrivais avec un petit cadeau,
accrochée à ton cou je criais : je t’adore !
je me souviens aussi les jours douloureux,
ta jalousie, ta possessivité et ton agressivité.
mais le, « lili, ma pupuce … »
et mon pilier alors fort,
ne risquait pas de s’écrouler.
le pilier sur lequel je vivais,
j’y bâtissais pour nous garder à l’abri.
allongé, le dos tourné, tu ronflais,
qu’importe, t’étais présent.
tu n’étais pas là, les secondes je comptais,
tu arrivais, je te sentais.
tes qualités dans mon âme,
la rendant forte et heureuse.
tes petits gestes, tendres et beaux,
la certitude qu’avec moi tu étais.
et mon pilier alors fort,
ne risquait pas de s’écrouler.
le pilier sur lequel je vivais,
j’y bâtissais pour nous garder à l’abri.
et ce jour est arrivé, je t’ai senti,
ton corps était là et ton instinct animalis,
mais ton âme perdue, qui là n’y était plus
finalement je te l’ai livrée, à ton propre naturel.
si seulement, j’étais moins fidèle,
je ne me serais pas oubliée,
dans le temps et dans l’espace.
et mon pilier serait aujourd’hui,
si fort, si beaux, si serein,
et abritée je serais,
dans un amour différent.","eu me lembro.
eu gostava quando voce pensava em mim,
quando voce chegava com um presentinho,
pindurada no seu pescoço eu gritava : eu te adoro !
me lembro tambem, dos dias dolorosos,
seu ciume, sua possessividade e sua agressividade.
mas o, “lili, ma pupuce…”
e minha pilastra entao forte,
nao corria o risco de desabar.
a pilastra na qual eu vivia,
que eu construia para nos abritar.
deitado, de costa virada, voce roncava,
que importa, voce estava presente.
voce nao estava, os segundos eu contava,
voce chegava, eu te sentia.
suas qualidades na minha alma,
lhe trazendo força e felicidade.
seus pequenos gestos, meigos e belos,
a certeza que comigo voce estava.
e minha pilastra entao forte,
nao corria o risco de desabar.
a pilastra na qual eu vivia,
que eu construia para nos abritar.
e este dia chegou, eu te senti,
seu corpo estava, e seu instinto animalis,
mas sua alma perdida, que ja nao estava mais,
finalmente eu a liberei, a seu proprio natural.
si somente, eu tivesse sido menos fiel,
nao me teria esquecido,
no tempo e no espaço.
et minha pilastra seria hoje,
tao forte, tao bela, tao serena,
e abrigada eu estaria,
em um amor diferente.",fr_XX,pt_XX,"Lembro-me
Eu amava quando pensavas em mim.
Quando chegavas com um pequeno presente,
pendurado no teu pescoço eu gritava: eu te adoro!
Também me lembro dos dias dolorosos,
tua ciúme, tua possessividade e tua agressividade.
Mas o, ""lili, minha bonequinha...""
E o meu pilar então forte,
não corria o risco de desmoronar.
O pilar no qual eu vivia,
eu construía para nos manter seguros.
Deitado, de costas para mim, tu roncavas,
não importava, estavas presente.
Quando não estavas lá, contava os segundos,
quando chegavas, eu te sentia.
Tuas qualidades na minha alma,
a tornando forte e feliz.
Teus pequenos gestos, ternos e belos,
a certeza de que estavas comigo.
E o meu pilar então forte,
não corria o risco de desmoronar.
O pilar no qual eu vivia,
eu construía para nos manter seguros.
E esse dia chegou, eu te senti,
teu corpo estava lá e teu instinto animal,
mas tua alma perdida, que não estava mais lá
finalmente eu te entreguei, ao teu próprio natural.
Se ao menos eu fosse menos fiel,
não teria me esquecido,
no tempo e no espaço.
E o meu pilar seria hoje,
tão forte, tão belo, tão sereno,
e eu estaria abrigada,
em um amor diferente.",1
"hier …
il faisait si longtemps …
hier, nos regards se sont croisés,
la tristesse a envahi l’âme
et la nostalgie jusqu’à la peau.
et l’envie folle de nous approcher,
a toujours été présente,
nous le savons si bien…
si nos regards se fixaient,
si nos corps se rapprochaient,
inutiles seraient les mots
et les larmes en diraient le tout.
alors …
on aurait finalement trouvé la paix,
le trésor dont l’âme cherche
pour nourrir son soi de sérénité et d’amour.
parce que l’âme se rend compte que la liberté sans amour,
n’est qu’un chemin aride dénué de fleurs …","ontem …
ja fazia tanto tempo …
ontem nossos olhares se cruzaram,
a tristesa invadiu a alma
e a nostalgia até à pele.
e o desejo louco de nos aproximar,
sempre estêve presente,
nós o sabemos tão bem…
se nossos olhares se fixassem,
se nossos corpos se aproximassem,
inúteis seríam as palavras e as lágrimas diríam o tudo.
e aí … (então)
encontraríamos enfim a paz,
o tesouro o qual toda alma procura,
para nutrir seu eu de serenidade et de amor.
porque a alma percebe que a liberdade sem amor,
nao passa de um caminho árido sem flôres.",fr_XX,pt_XX,"Aqui está a tradução do poema para o português:

ontem...
há tanto tempo...
ontem, nossos olhares se cruzaram,
a tristeza invadiu a alma
e a saudade chegou à pele.
e o desejo louco de nos aproximar,
sempre esteve presente,
nós sabemos tão bem...
se nossos olhares se fixassem,
se nossos corpos se aproximassem,
seriam inúteis as palavras
e as lágrimas diriam tudo.
então...
finalmente teríamos encontrado a paz,
o tesouro que a alma busca
para alimentar seu ser com serenidade e amor.
porque a alma percebe que a liberdade sem amor,
é apenas um caminho árido sem flores...",1
"tant de questions, tant de pression,
tant de choses comme si on jouait un jeu.
moi, je ne joue plus, jeu compliqué
où on se perd dedans.
tant de réponses, tant de réflexions,
toutes analysées comme un chercheur.
moi, je ne sais plus, je réponds n’importe quoi,
vu que l’amour, lui fait si peur.
l’amour quand il est là,
nous donne élan, nous irradie.
l’amour quand il n’y est pas,
laisse nostalgie et nous flétrit.
l’amour quand il s’en va,
dans ses idées souvent erronées,
sème confusion et dans cet embarras,
impossible de distinguer les éléments.
l’amour quand il part, part …
dans une lueur sans égal
en écrasant pour la vie,
ce qui pourrait être le plus beau.","tantas perguntas, tanta pressão,
tantas coisas, como se jogássemos um jogo.
eu não jogo mais, jogo complicado,
onde nos perdemos dentro.
tantas respostas, tantas reflexões,
todas analisadas como um pesquisador.
eu ja não sei mais, ja respondo qualquer coisa,
visto que o amor, lhe faz tanto mêdo.
o amor quando está,
nos da ímpeto, nos irradia.
o amor quando não está,
deixa nostalgia e nos fenece.
o amor quando se vai,
no seu juizo, quase sempre falso,
seme confusão e neste embaraço,
impossível de distinguir os elementos.
o amor quando parte, parte …
numa centelha sem igual,
esmagando por uma vida,
o que poderia ser de mais bonito.",fr_XX,pt_XX,"Tantas perguntas, tanta pressão,
tantas coisas como se estivéssemos jogando um jogo.
Eu, eu não jogo mais, jogo complicado
onde nos perdemos dentro.
Tantas respostas, tantas reflexões,
todas analisadas como um pesquisador.
Eu, eu não sei mais, respondo qualquer coisa,
visto que o amor, ele dá tanto medo.
O amor quando está presente,
nos dá impulso, nos irradia.
O amor quando não está lá,
deixa saudade e nos murcha.
O amor quando se vai,
em suas ideias frequentemente equivocadas,
semeia confusão e nessa confusão,
impossível distinguir os elementos.
O amor quando parte, parte...
em um brilho sem igual,
esmagando para a vida,
o que poderia ser o mais belo.",1
"l’amour en solitaire
c’est quoi cela
qui m’est arrivé comme ça,
qui devrait m’émerveiller,
mais m’angoisse plutôt ?
c’est quoi cette chose,
qui m’a envahie sans permission,
comme une flèche droit dans l’âme,
en m’arrachant de mon ego ?
l’amour que l’on n’explique pas
est tombé sur moi et
pourtant je l’attendais
pour être vraie dans ma passion.
mais lui, profitant de la tempête,
est passé avec le vent,
et m’a largué un amour énorme
dans mon cœur solitaire …","o amor em solitario
que é isto que chegou
assim de repente,
que deveria me maravilhar,
mas me deixa angustiada ?
que é esta coisa,
que me invade sem permissão,
como uma flecha direto na alma,
me tirando do meu ego ?
o amor que não se explica,
entrou bem dentro de mim,
no entanto eu o esperava
pra ser autêntica na minha paixão.
mas ele, aproveitando da tempestade,
passou com o vento,
largando em mim um amor enorme no meu coração solitário …",fr_XX,pt_XX,"O amor solitário
o que é isso
que me aconteceu assim,
que deveria me maravilhar,
mas me angustia em vez disso?
o que é essa coisa,
que me invadiu sem permissão,
como uma flecha direto na alma,
arrancando-me do meu ego?
o amor inexplicável
caiu sobre mim e
no entanto eu o esperava
para ser verdadeiro em minha paixão.
mas ele, aproveitando a tempestade,
passou com o vento,
e me deixou um amor imenso
em meu coração solitário...",1
"espoir d’aimer
fais moi arriver jusqu’à toi … t’aimer …
que mon vécu s’égale au tien,
que mes désirs soient les tiens,
que mon esprit s’ouvre au tien,
que ma volonté s’unissse à la tienne.
et nous serions toujours ensemble,
sans nous faire de l’ombre l’un à l’autre.
et nos maturités d’égale à égale,
et la vie, un vécu sans contraintes.
ensemble nous serions, où l’amour et le sourire seront rois.","esperança de amar
faça-me chegar até a ti … te amar …
que minha experiência se iguale à tua,
que meus desejos sejam os teus,
que meu espírito se abra ao teu,
que minha vontade se una à tua.
e ficaríamos sempre juntos,
sem fazermos sombra um para o outro.
e nossas maturidades de igual por igual,
e a vida, uma experiência sem contrariedades.
juntos ficaríamos, onde o amor e o sorriso serão reis.",fr_XX,pt_XX,"esperança de amar
faz-me chegar até ti ... amar-te ...
que a minha vivência se iguale à tua,
que os meus desejos sejam os teus,
que o meu espírito se abra ao teu,
que a minha vontade se una à tua.
e estaríamos sempre juntos,
sem nos fazer sombra um ao outro.
e as nossas maturidades de igual para igual,
e a vida, uma vivência sem restrições.
juntos seríamos, onde o amor e o sorriso serão reis.",1
"emotion intense
avec toi je peux parler pendant des heures …
t’écouter c’est un régal,
te regarder c’est un plaisir,
et te toucher c’est un bonheur.
je me souviens quand tu dormais,
ton corps immobile en position fœtale,
tes traits si beaux, tellement décontractés,
que je sentais, toucher la sérénité.
en te voyant dans ce repos,
en communion avec dieu,
une émotion si intense m’a dominée,
et a débordé mon cœur d’amour.
mon âme ainsi, remplie de toi,
hébergeant ces sentiments divins,
ne demandait que de rester,
auprès de toi pour toujours.
et le désir qu’a envahi mon être,
de te rendre heureux en permanence,
est encore en moi comme un stigma,
qui ne s’efface jamais …","emoção intensa
contigo eu posso falar durante horas …
te escutar é um regalo,
te olhar é um prazer,
e te tocar é uma felicidade.
me lembro quando tu dormias,
teu corpo imóvel em posição fetal,
teus traços tao lindos, tão descontraidos,
que eu sentia tocar a serenidade.
e te vendo neste repouso,
em comunhão com deus,
uma emoção tão intensa me dominou,
e transbordou meu coração de amor.
minha alma assim, repleta de te,
hospedando estes sentimentos divinos,
só pedia para ficar,
junto a te para sempre.
e o desejo que invadiu meu ser,
de te fazer feliz constantemente,
esta ainda em mim como uma estigma,
que não se apaga nunca …",fr_XX,pt_XX,"emoção intensa
contigo posso falar por horas...
ouvir-te é um deleite,
olhar para ti é um prazer,
e tocar-te é uma felicidade.
lembro-me quando dormias,
teu corpo imóvel em posição fetal,
teus traços tão belos, tão relaxados,
que sentia, tocando a serenidade.
ao te ver nesse repouso,
em comunhão com Deus,
uma emoção tão intensa me dominou,
e transbordou meu coração de amor.
minha alma assim, cheia de ti,
hospedando esses sentimentos divinos,
só desejava permanecer,
ao teu lado para sempre.
e o desejo que invadiu meu ser,
de te fazer feliz constantemente,
ainda está em mim como uma marca,
que nunca desaparece...",1
"décadence …
quand le temps semble s’estomper,
et que le silence pénètre l’âme,
et les gestes ainsi monotones,
ne sont que des muscles en activité constante.
le tout semble silencieux …
les envies pressées plein de gaîtés,
les sourires qui jadis envoûtaient tout le temps,
les regards pétillants qui creusaient le beau,
enfin tout simplement, ce qui n’en est plus.
les questions, les réponses, aussi indifférentes,
le chemin se poursuit dépourvu de méandre,
sans vouloir interrompre son simple rituel.
et la vie parfois, pense passer par là,
comme un zéphyr fantôme au milieu du désert.
et les souvenirs qui émergent visant droit le cœur,
le scrutent, l’escriment, le dénudent sans retenue…","decadência …
quando o tempo parece parar,
et que o silencio penetra a alma,
e os gestos assim monótonos,
são apenas músculos em atividade constante.
o tudo parece silencioso …
os desejos apressados cheios de alegrias,
os sorrisos que outrora enfeitiçavam o tempo todo,
os olhares cintilantes que exploravam o belo,
enfim simplesmente o que já não é mais.
as perguntas, as respostas, também indiferentes,
o caminho segue destituído de zigzag,
sem querer interromper seu simples ritual.
e a vida as vezes, pensa passar por alí,
como um zéfiro fantasma no meio do deserto,
e as lembranças que emergem visando direto o coração,
o auscultam, o ferem, o desnudam sem reserva.",fr_XX,pt_XX,"decadência ...
quando o tempo parece desaparecer,
e o silêncio penetra a alma,
e os gestos assim monótonos,
são apenas músculos em constante atividade.
tudo parece silencioso ...
os desejos apressados cheios de alegrias,
os sorrisos que outrora encantavam o tempo todo,
os olhares brilhantes que escavavam o belo,
enfim, simplesmente o que não é mais.
as perguntas, as respostas, tão indiferentes,
o caminho continua sem meandros,
sem querer interromper seu simples ritual.
e a vida às vezes, pensa passar por ali,
como um zéfiro fantasma no meio do deserto.
e as memórias que emergem mirando direto ao coração,
o examinam, o desafiam, o desnudam sem restrições...",1
"vous êtes comme ça, moi comme-ci,
lui différent et les autres … autrement.
la paix, la sérénité … je les vénère.
la liberté, l’autonomie … je les honore.
la pensée, le concept … je les respecte.
le libre arbitre … ici il n’y a pas de discorde.
vous, je vous respecte,
moi, je m’aime,
lui je l’accepte.
ici, il y a de l’intelligence
les autres ….
l’affrontement, le conflit … ça me lasse.
l’agression, la riposte … ça me détourne.
le combat, le sang … ça m’écœure.
la guerre ici … il n’y en a pas.","voce é assim e eu “assado”,
ele diferente e os outros … de outro jeito
a paz, a serenidade … eu as venero.
a liberdade, a autonomia … eu as honrro.
as idéias, os conceitos … eu os respeito.
o livre arbítrio … aqui não tem discórdia.
voce, eu lhe respeito
eu, eu me amo,
ele, eu o aceito.
aqui, tem inteligencia.
os outros …
o afrontamento, o conflito … isso me cansa
a agressão, a riposta, cara fechada … isso me desvia
o combate, o sangue … isso me faz vômito.
a guerra aqui … não tem não.",fr_XX,pt_XX,"vocês são assim, eu sou assim,
ele diferente e os outros ... de outra forma.
a paz, a serenidade ... eu as venero.
a liberdade, a autonomia ... eu as honro.
o pensamento, o conceito ... eu os respeito.
o livre arbítrio ... aqui não há discórdia.
vocês, eu os respeito,
eu, eu me amo,
ele eu aceito.
aqui, há inteligência
os outros ...
o confronto, o conflito ... me cansa.
a agressão, a resposta ... me afasta.
a luta, o sangue ... me enjoa.
a guerra aqui ... não há.",1
"crie-moi ton amour
crie-moi ton amour
oui, crie-moi fort : je t’aime !
grommelle-moi aux oreilles
des mots doux, des mots d’amour,
des mots coquins, des mots fripouilles.
j’ai besoin de toi et de tes étreintes,
de tes baisers et de ton corps en danse.
oui, je veux entendre tes brames,
mains enlacées et regards flammèches,
notre aquarelle peinte à jamais.","grita-me seu amor
grita-me seu amor.
sim, grita forte : eu te amo !
me sussurra nas orelhas,
palavras suaves, palavras de amor,
palavras sedutoras, palavras marotas .
eu preciso de voce e de seus abraços,
de seus beijos e de seu corpo em dansa.
sim, eu quero seus rugidos,
mãos enlaçadas e olhares abrasivos,
nossa aquarela pintada para sempre.",fr_XX,pt_XX,"Cria-me o teu amor
Cria-me o teu amor
Sim, grita-me alto: eu te amo!
Murmura-me aos ouvidos
Palavras doces, palavras de amor,
Palavras travessas, palavras maliciosas.
Preciso de ti e dos teus abraços,
dos teus beijos e do teu corpo a dançar.
Sim, quero ouvir os teus rugidos,
mãos entrelaçadas e olhares faiscantes,
a nossa aquarela pintada para sempre.",1
"attirance et séduction
que c’est terrible la séduction !
donne des ailes à l’inspiration,
fait sortir des mots bien accolés,
et alliée à l’attirance oh ! …
que nous aimerions, éternellement,
etre envahis par ce sentiment.
c’est le besoin d’amour,
c’est le besoin d’aimer.
l’attirance vient de l’âme,
vient de l’esprit, vient de la peau ?
tout ce qu’on sait c’est qu’elle est là,
pour nous secouer et nous approcher.
l’attirance, une envie profonde,
que l’émotion n’explique pas,
réveille le sens le plus intime,
et fait émerger la sensualité.
attirance ou tentation,
donne un effet d’excitation,
réveille la peau, accélère le cœur,
donne au ventre l’envie de chaire.
attirance et séduction,
amour, remède, on s’en fou,
ça donne au corps plein d’énergie,
ça rends les yeux très pétillants,
c’est une plante bien arrosée,
c’est une plante en bonne santé.","atraçấo e seduçấo
como é terrível a seduçấo !
da asas à inspiraçấo,
faz sair palavras bem enlaçadas,
e aliada à atraçao oh ! …
como gostaríamos, eternamente,
sermos invadidos por este sentimento.
é a necessidade de amor,
é a necessidade de amar.
a atraçấo vem da alma,
vem do espirito, vem da pele ?
tudo que sabemos é que ela está,
para nos sacudir et nos aproximar.
a atraçấo, um desejo profundo,
que a emoçấo nấo explica,
acorda o sentido, o mais íntimo,
e faz emergir a sensualidade.
atraçấo ou tentaçấo,
da um efeito de excitaçấo,
acorda a pele, acelera o coraçấo,
da ao ventre o desejo de carne.
atraçấo e seduçấo,
amor ou remédio que nos importa,
isso da ao corpo muita energia, isso traz aos olhos muita faisca.
é uma planta bem regada,
é uma planta em boa saude.",fr_XX,pt_XX,"atração e sedução
como é terrível a sedução!
dá asas à inspiração,
faz brotar palavras bem juntas,
e aliada à atração oh!...
como gostaríamos, eternamente,
ser invadidos por esse sentimento.
é a necessidade de amor,
é a necessidade de amar.
a atração vem da alma,
vem da mente, vem da pele?
tudo o que sabemos é que está lá,
para nos sacudir e nos aproximar.
a atração, um desejo profundo,
que a emoção não explica,
desperta o sentido mais íntimo,
e faz emergir a sensualidade.
atração ou tentação,
dá um efeito de excitação,
acorda a pele, acelera o coração,
dá ao estômago desejo de carne.
atração e sedução,
amor, remédio, não importa,
isso dá ao corpo muita energia,
torna os olhos muito brilhantes,
é uma planta bem regada,
é uma planta saudável.",1
"à toi …
a toi, qui possède une grande ouverture d’esprit,
qui comprends que la vie est à vivre,
et qu’ en elle nous ne sommes pas que tous les deux,
qui sait la vivre sans les contraintes de la jalousie et de la possessivité.
a toi qui me fais découvrir les sentiers de la liberté,
qui sais que la vie ne vaut pas la peine d’être vécue sans amour,
que dans l’amour, il n’existe qu’un seul chemin,
sans les contraintes de l’égoïsme et de l’oubli de l’autre.
a toi qui es capable de m’enlever la timidité.
qui comprends que la vie est un besoin physique et moral,
qui sais percer chez moi les sentiments les plus intimes sans les contraintes de la peur et du jugement.
a toi à qui je peux tout dire, avec qui je peux tout sentir, tout vivre,
qui sais que le partage et la complicité font perdurer l’amour,
qui me donne le goût de vivre sans les contraintes de la solitude et de la nostalgie.
a toi homme, né d’une aspiration profonde,
grand merci pour ta façon élégante,
où dedans règne la loyauté, la sincérité et l’amitié,
et sur qui, j’ai déposé toute ma confiance.","à voce …
a você que possui um espírito aberto,
que compreende que a vida é para viver,
que nela não estamos so nós dois,
que sabe vivê–la sem contrariedades do ciúme e da possessividade.
a você que me faz descobrir as alas da liberdade,
que sabe que a vida não vale a pena de ser vivida sem amor,
que no amor existe um so caminho
sem as contrariedades do egoísmo e de esquecimento do outro.
a voce que é capaz de me tirar a timidez,
que compreende que a vida é uma necessidade física e moral,
que sabe desvendar, em mim, os sentimentos os mais íntimos sem as contrariedades do medo e de julgamento.
à voce a quem eu tudo posso dizer, com quem eu posso tudo sentir, tudo viver,
que sabe que a compartilha e a complicidade faz perdurar o amor,
que me da gosto de viver sem as contrariedades da solidão e da nostalgia.
a voce homem, nascido de uma aspiração profunda,
muito obrigada pela sua maneira elegante,
onde dentro, reina a lealdade, a sinceridade e a amizade,
e em quem, eu depositei toda minha confiança.",fr_XX,pt_XX,"Para ti...
Para ti, que tens uma mente aberta,
que entendes que a vida é para ser vivida,
e que nela não somos apenas nós dois,
que sabes vivê-la sem as restrições do ciúme e da possessividade.
Para ti, que me fazes descobrir os caminhos da liberdade,
que sabes que a vida não vale a pena sem amor,
que no amor, só existe um caminho,
sem as restrições do egoísmo e do esquecimento do outro.
Para ti, que és capaz de me tirar a timidez,
que entendes que a vida é uma necessidade física e moral,
que consegues descobrir em mim os sentimentos mais íntimos sem as restrições do medo e do julgamento.
Para ti, a quem posso contar tudo, com quem posso sentir tudo, viver tudo,
que sabes que partilhar e ser cúmplice mantêm o amor vivo,
que me dás vontade de viver sem as restrições da solidão e da nostalgia.
Para ti, homem, nascido de uma aspiração profunda,
muito obrigado pela tua elegante maneira,
onde reina a lealdade, a sinceridade e a amizade,
e em quem depositei toda a minha confiança.",1
"amour emprisonné
tout en couleurs, les souvenirs traversent,
ces jours qui passent, monotones et pâles,
laissant traîner des sentiments de peine.
à le voir se glisser contre une paroi de l’âme,
dans une souffrance muette et vaine,
cet amour … si fort, si noble,
face à l’indifférence, à la froideur d’un être.","amor encarcerado
repleto de cores, as lembranças atravessam,
estes dias que passam, monótonos e pálidos,
arrastando sentimentos de pena.
ao vê-lo se deslizar contra uma parede da alma,
num sofrimento mudo e vão,
este amor … tão forte, tão nobre,
face à indiferença, à frieza de um ser.",fr_XX,pt_XX,"amor aprisionado
todo em cores, as memórias atravessam,
esses dias que passam, monótonos e pálidos,
deixando rastros de tristeza.
ao vê-lo deslizar contra uma parede da alma,
em um sofrimento mudo e vão,
esse amor ... tão forte, tão nobre,
diante da indiferença, da frieza de um ser.",1
"alors, ô ma beauté! dites à la vermine
qui vous mangera de baisers,
que j’ai gardé la forme et l’essence divine
de mes amours décomposés!","então, querida, dize à carne que se arruína,
ao verme que te beija o rosto,
que eu preservei a forma e a substância divina
de meu amor já decomposto!",fr_XX,pt_XX,"Então, ó minha beleza! Diga ao verme
que te beijará devorando,
que guardei a forma e a essência divina
dos meus amores decompostos!",1
"homme, libre penseur ! te crois-tu seul pensant
dans ce monde où la vie éclate en toute chose?
des forces que tu tiens ta liberté dispose,
mais de tous tes conseils l’univers est absent.
respecte dans la bête un esprit agissant:
chaque fleur est une âme à la nature éclose;
un mystère d’amour dans le métal repose;
« tout est sensible ! » et tout sur ton être est puissant.
crains, dans le mur aveugle, un regard qui t’épie:
à la matière même un verbe est attaché…
ne la fais pas servir à quelque usage impie!
souvent dans l’être obscur habite un dieu caché;
et comme un œil naissant couvert par ses paupières,
un pur esprit s’accroît sous l’écorce des pierres!","homem! livre pensador! serás o único que pensa
neste mundo onde a vida cintila em cada ente?
de tuas forças tua liberdade dispõe naturalmente,
mas teus conselhos todos o universo dispensa.
honra na fera o espírito que fermenta…
cada flor é uma alma em natura nascente;
um mistério de amor no metal reside dormente;
“tudo é sensível!” e poderoso em teu ser se apresenta.
receia, no muro cego, um olhar curioso:
à própria matéria encontra-se um verbo unido…
não te sirvas dela para qualquer fim impiedoso!
quase sempre no ser obscuro mora um deus escondido.
e, como um olho novo coberto por suas pálpebras,
um espírito puro medra sob a crosta das pedras!",fr_XX,pt_XX,"Homem, livre pensador! Acreditas seres o único a pensar
Neste mundo onde a vida explode em todas as coisas?
Das forças que deténs, tua liberdade dispõe,
Mas de todos os conselhos, o universo está ausente.
Respeita no animal um espírito agente:
Cada flor é uma alma na natureza desabrochada;
Um mistério de amor repousa no metal;
""Tudo é sensível!"" e tudo em teu ser é poderoso.
Tem cuidado, no muro cego, um olhar que te espreita:
Até na matéria mesma está ligada uma palavra...
Não a uses para algum uso ímpio!
Muitas vezes no ser obscuro habita um deus escondido;
E como um olho nascendo coberto por suas pálpebras,
Um espírito puro cresce sob a casca das pedras!",1
"l’amour est plus fort que la mort disiez-vous
mais la vie est plus forte que l’amour et
l’indifférente plus forte que la vie – la vie
mienne ou tienne et nôtre en quelque manière
est ensemble la seule séquence de
métamorphoses
(le néoténique se mue en héros à sexe
plus tard en ventru chauve pourrissant comme
un dieu)
et bains-douches au lhété tons les mois
deuils laqués, renaissances frêles, amnèses
et un vieillard muet en nous depois longtemps
survit sans douleur au charnier des enfants","o amor é mais forte que a morte vocês diziam
mas a vida é mais forte que o amor e
a indiferente mais forte que a vida — a vida
minha ou sua e nossa de alguma maneira
é em conjunto a única seqüência de
metamorfoses
(o neotênico converte-se em herói sexuado
depois no barrigudo careca que apodrece como
um deus)
e banhos-duchas no letes todos os meses
lutos laqueados, renascimentos frágeis,
amnésias
e um velho mudo dentro de nós há tanto
tempo
sobrevive sem dor ao ossuário das crianças",fr_XX,pt_XX,"O amor é mais forte do que a morte você dizia
mas a vida é mais forte que o amor e
a indiferença mais forte que a vida - a vida
minha ou tua e nossa de alguma forma
é juntas a única sequência de
metamorfoses
(o neotênico se transforma em herói com idade
mais tarde em barrigudo careca apodrecendo como
um deus)
e banhos de chuveiro em lhété todos os meses
lutos laqueados, renascimentos frágeis, amnésias
e um velho mudo em nós por muito tempo
sobrevive sem dor ao matadouro das crianças",1
"j’ai voulu tout aimer, et je suis malheureux,
car j’ai de mes tourments multiplié les causes;
d’innombrables liens frêles et douloureux
dans l’univers entier vont de mon âme aux choses.
.
tout m’attire à la fois et d’un attrait pareil:
le vrai par ses lueurs, l’inconnu par ses voiles;
un trait d’or frémissant joint mon cœur au soleil,
et de longs fils soyeux l’unissent aux étoiles.
.
la cadence m’enchaîne à l’air mélodieux,
la douceur du velours aux roses que je touche;
d’un sourire j’ai fait la chaîne de mes yeux,
et j’ai fait d’un baiser la chaîne de ma bouche.
.
ma vie est suspendue à ces fragiles nœuds,
et je suis le captif des mille êtres que j’aime:
au moindre ébranlement qu’un souffle cause en eux
je sens un peu de moi s’arracher de moi-même.","querendo a tudo amar, trago a alma dolorida,
porque multipliquei a causa dos tormentos…
frágeis laços, grilhões inúmeros, cruentos,
prendem meu coração às coisas desta vida.
.
tudo a um tempo me atrai e enlaça-me igualmente:
por seu brilho, a verdade e seus véus, o mistério;
minha alma se une ao sol num raio de ouro, etéreo,
e em mil fios de seda a cada estrela ardente…
.
a cadência me prende à ária que triste evoca;
seduz-me a veludez da rosa entre os abrolhos:
eu de um sorriso fiz o grilhão dos meus olhos
e fiz também de um beijo a cadeia da boca!
.
assim cativo sou dos seres que adoro, a esmo…
suspenso é meu viver nesta rede que o enlaça…
e quando o menor sopro entre aqueles perpassa,
sinto um pouco de mim se arrancar de mim mesmo.",fr_XX,pt_XX,"Eu quis amar tudo, e sou infeliz,
pois multipliquei as causas dos meus tormentos;
inúmeros laços frágeis e dolorosos
ligam minha alma às coisas por todo o universo.

Tudo me atrai de uma vez com um encanto igual:
o verdadeiro com suas luzes, o desconhecido com seus véus;
um fio de ouro tremeluzente une meu coração ao sol,
e longos fios sedosos o ligam às estrelas.

A cadência me prende à melodia do ar,
a suavidade do veludo às rosas que toco;
de um sorriso fiz a corrente dos meus olhos,
e de um beijo fiz a corrente da minha boca.

Minha vida está suspensa por esses nós frágeis,
e sou o prisioneiro dos mil seres que amo:
a menor vibração que um sopro causa neles
sinto um pouco de mim se desprender de mim mesmo.",1
"je me dis bien souvent: de quelle race es-tu?
ton coeur ne trouve rien qui l’enchaine ou ravisse,
ta pensée et tes sens, rien qui les assouvisse:
il semble qu’un bonheur infini te soit dû.
.
pourtant, quel paradis as-tu jamais perdu?
a quelle auguste cause as-tu rendu service?
pour ne voir ici-bas que laideur et que vice,
quelle est ta beauté propre et ta propre vertu?
.
a mes vagues regrets d’un ciel que j’imagine,
a mes dégoûts divins, il faut une origine:
vainement je la cherche en mon coeur de limon;
.
et, moi-même étonné des douleurs que j’exprime,
j’écoute en moi pleurer un étranger sublime
qui m’a toujours caché sa patrie et son nom.","pergunto muita vez: de que raça és nascido?
nada há que tenha o dom de prender-te ou encantar-te;
nada que o pensamento e os sentidos te farte;
fazes supor que um bem infindo te é devido.
.
que paraíso, entanto, hás tu jamais perdido?
de que causa superna empunhaste o estandarte
para ver só miséria e vício em toda a parte,
que virtude e beleza inatas te hão nutrido?
.
à saudade de um céu, que eu entrevejo obscuro,
ao meu tédio divino, uma origem procuro,
que em meu peito de argila indistinta se some…
.
e das dores que exprime a espantar-me o primeiro,
sinto chorar em mim um sublime estrangeiro
que sempre me ocultou sua pátria e seu nome.",fr_XX,pt_XX,"Muitas vezes me pergunto: de que raça és tu?
Teu coração não encontra nada que o prenda ou arrebate,
teu pensamento e teus sentidos, nada que os sacie:
parece que uma felicidade infinita te é devida.
.
No entanto, que paraíso já perdeste?
A que nobre causa prestaste serviço?
Para ver aqui apenas feiura e vício,
qual é tua beleza própria e tua própria virtude?
.
A minhas vagas saudades de um céu que imagino,
a meus divinos desgostos, é preciso uma origem:
em vão procuro em meu coração de lodo;
.
E, eu mesmo surpreso pelas dores que exprimo,
escuto em mim chorar um estranho sublime
que sempre me escondeu sua pátria e seu nome.",1
"ici reviendra la fleurette blême
dont les renouveaux sont toujours passés…
dans les cœurs ouverts, sur les os tassés,
une folle brise, un beau jour, la sème…
on crache dessus; on l’imite même,
pour en effrayer les gens très-sensés…
ici reviendra la fleurette blême.
— oh! ne craignez pas son humble anathème
pour vos ventres mûrs, cucurbitacés!
elle connaît bien tous ses trépassés!
et, quand elle tue, elle sait qu’on l’aime…
— c’est la male-fleur, la fleur de bohème. —
ici reviendra la fleurette blême.","para cá voltará a pálida florinha
cujas primaveras são sempre passado…
no peito aberto, entre o osso amontoado,
vem semeá-la, um dia, a brisa repentina…
cospe-se nela; e, como ela, daninha,
escandaliza-se o homem moderado…
para cá voltará a pálida florinha.
– oh! não tema o anátema que ela aninha,
cucurbitácio, nesse seu ventre inchado!
ela conhece todos seus trespassados!
e sabe que é amada quando assassina…
– é a flor da boêmia, uma flor malina. –
para cá voltará a pálida florinha.",fr_XX,pt_XX,"Aqui retornará a florezinha pálida
cuja renovação sempre passou...
nos corações abertos, sobre os ossos amassados,
uma louca brisa, em um belo dia, a semeia...
cospem nela; até a imitam,
para assustar as pessoas muito sensatas...
aqui retornará a florezinha pálida.
- oh! não temam o seu humilde anátema
para seus ventres maduros, cucurbitáceos!
ela conhece bem todos os seus falecidos!
e, quando mata, ela sabe que é amada...
- é a flor maldita, a flor boêmia. -
aqui retornará a florezinha pálida.",1
"se j’ayme et sers la belle de bon hait.
m’en devez vous tenir ne vil ne sot?
elle a en soy des biens a fin souhait.
pour son amour sains bouclier et passot;
quand viennent gens, je cours et happe un pot,
au vin m’en voys, sans demener grand bruit;
je leur tends eaue, frommage, pain et fruit.
s’ilz payent bien, je leur dis “bene stat;
retournez cy, quand vous serez en ruit,
en ce bordeau ou tenons notre estat.”
mais adoncques il y a grand deshait
quand sans argent s’en vient couchier margot;
veoir ne la puis, mon coeur a mort la hait.
sa robe prends, demi-ceint et surcot,
si luy jure qu’il tendra pour l’escot.
par les côtés se prend “c’est antecrist”;
crie, et jure par la mort jhesucrist
que non fera. lors empongne un esclat;
dessus son nez luy en fais ung escript,
en ce bordeau ou tenons notre estat..
puis paix se fait et me fait ung gros pet,
plus enflé qu’ung velimeux escarbot.
riant, m’assiet son poing sur mon sommet,
“go! go!” me dit, et me fiert le jambot.
tous deux yvres, dormons comme ung sabot.
et au resveil, quand le ventre luy bruit,
monte sur moy, que ne gaste son fruit.
soubz elle geins, plus qu’un aiz me fais plat,
de paillarder tout elle me destruit,
en ce bordeau ou tenons notre état.
vente, gresle, gelle, j’ai mon pain cuit.
ie suis paillart, la paillarde me suit.
lequel vault mieulx ? chascun bien s’entresuit.
l’ung l’autre vaut; c’est à mau rat mau chat.
ordure aimons, ordure nous assuit;
nous deffuyons honneur, il nous deffuit,
en ce bordeau ou tenons notre estat.","se eu amo e sirvo a dona de bom grado,
tomar-me-ão por vil, paspalho e tudo?
ela dá conta de qualquer recado,
por seu amor cinjo punhal e escudo.
quando vem gente, eu me despacho, grudo
um pichel de vinho e me viro na moita, não
sem dar água, queijo, fruta e pão.
digo (se pagam bem): “nomine figlii,
e voltem sempre às ordens do tesão,
a este bordel, que é o nosso domicílio!”
não tarda muito, e eis-me de humor amargo,
se sem dinheiro ela me vem pro quarto:
não a suporto, quero vê-la morta:
faço a pilhagem nos seus quatro trapos
e juro me pagar por conta e encargo.
pego-a por trás e ela: “anticristo!”
– jura por nosso senhor jesus cristo
que não dará. passo a mão num porrete
e lhe gravo na estampa um bom lembrete,
neste bordel, que é o nosso domicílio.
mas vem a paz, e ela me vem com um bruto
peido, mais venenoso do que um bafo
de onça. rindo, me acerta um squiafo no
coco, diz: “vem, filhote”, e abre o pernão.
então, dormimos como um pau, briacos.
margô desperta, o ventre lhe ronrona,
e monta em mim: desatrofia o anão,
de milho em milho me debulha o saco.
de tanto putear, fico na lona,
neste bordel, que é o nosso domicílio.
tenho o pão quente – vente, chova ou neve.
sou putanheiro e puta não faz greve:
quem vale mais, se não se vê a mais leve
diferença de brilho – se a tal mãe, tal filho?!
amor ao lixo – e o lixo vem atrás;
desprezo à honra – e a honra é mais voraz,
neste bordel, que é o nosso domicílio.",fr_XX,pt_XX,"Se eu amo e sirvo a bela de bom coração,
Devo ser considerado tolo ou vil?
Ela tem em si riquezas que são desejos finais.
Por seu amor, sou escudo e passo;
Quando chegam pessoas, eu corro e pego um jarro,
Vou até o vinho, sem fazer muito barulho;
Ofereço-lhes água, queijo, pão e frutas.
Se pagam bem, eu digo ""bene stat;
Voltem cá quando estiverem embriagados,
Neste bordel onde mantemos nosso estado.""
Mas então há um grande desejo
Quando Margot vem para a cama sem dinheiro;
Não consigo vê-la, meu coração a odeia até a morte.
Pego seu vestido, meio-cinto e sobretudo,
E lhe juro que ele pagará pela bebida.
Pelos lados, ele é pego ""é anticristo"";
Grita, e jura pela morte de Jesus Cristo
Que não fará. Então pego um caco;
Sobre seu nariz, escrevo-lhe uma mensagem,
Neste bordel onde mantemos nosso estado.
Então a paz se faz e ela solta um peido grosso,
Mais inchado que um besouro veludo.
Rindo, ela coloca o punho na minha cabeça,
""Vai! Vai!"" ela diz, e me bate na perna.
Ambos bêbados, dormimos como troncos.
E ao acordar, quando sua barriga ronca,
Ela sobe em mim, para não estragar sua fruta.
Debaixo dela gemo, mais chato do que um aiz,
De tanto paquerar, ela me destrói,
Neste bordel onde mantemos nosso estado.
Vento, granizo, geada, tenho meu pão assado.
Eu sou um libertino, a libertina me segue.
Qual de nós é melhor? Cada um se entende bem.
Um vale o outro; de um podre, outro podre.
Amamos a sujeira, a sujeira nos segue;
Evitamos a honra, ela nos evita,
Neste bordel onde mantemos nosso estado.",1
"ne soyons pas trop exigeants:
le bonheur n’est pas accessible
à toutes les sortes de gens.
il faudrait être moins sensible,
ou bien avoir beaucoup d’argent…
ne demandons pas l’impossible.
nous devons nous trouver contents
d’être les êtres que nous sommes:
des amoureux intermittents
qui sont fous l’un de l’autre en somme
de temps en temps.
c’est déja beaucoup d’être deux,
deux côte à cote sur la terre,
qui peuvent souffrir entre eux
et vivre sans trop se taire.
et si l’on est plus exigeant,
si l’on se sent en y songeant
l’âme encor trop célibataire,
c’est qu’on a mauvais caractère…
ou qu’on est trop intelligent.","não sejamos muito exigentes:
nem sempre a sorte é acessível
a todo mundo, a toda a gente.
ela é só dos menos sensíveis,
ou dos ricos, naturalmente…
não desejemos o impossível.
devemos estar contentes
de ser quem somos:
simplesmente namorados intermitentes
loucamente se namorando
de vez em quando.
é já uma grande cousa a gente
ser dois, à parte, entre os mortais,
dois que se bastam mutuamente
e não se aborrecem demais.
e somos mais exigentes,
se às vezes a alma ainda se sente
solteira e triste, isso é explicável:
temos um gênio insuportável…
ou somos muito inteligentes.",fr_XX,pt_XX,"Não sejamos muito exigentes:
a felicidade não é acessível
a todos os tipos de pessoas.
Seria necessário ser menos sensível,
ou ter muito dinheiro...
não exijamos o impossível.
Devemos nos sentir contentes
por ser os seres que somos:
amantes intermitentes
que são loucos um pelo outro,
de vez em quando.
Já é muito ser dois,
dois lado a lado na terra,
que podem sofrer juntos
e viver sem se calar muito.
E se formos mais exigentes,
se nos sentimos ao pensar nisso
ainda muito solitários,
é porque temos um mau caráter...
ou somos muito inteligentes.",1
"je sais bien qu’irritable, exigeant et morose,
insatisfait, jaloux, malheureux pour un mot,
je te cherche souvent des querelles sans cause
si je t’aime si mal, c’est que je t’aime trop.
je te poursuis. je te tourmente. je te gronde…
tu serais plus heureuse, et mieux aimée aussi,
si tu n’étais pour moi tout ce qui compte au monde,
et si ce pauvre amour n’était mon seul souci.","eu bem sei que, ciumento, exigente, impulsivo, irritado,
infeliz por cousas tão banais,
eu vivo a provocar discussões sem motivo…
mas eu amo tão mal porque eu amo demais.
e atormento você, e persigo…
você havia de ser melhor amada e mais feliz também,
se não fosse você a minha única alegria,
e se este amor não fosse o meu único bem.",fr_XX,pt_XX,"Eu sei que sou irritável, exigente e mal-humorado,
insatisfeito, ciumento, infeliz por um simples motivo,
muitas vezes te provoco brigas sem razão,
se te amo tão mal, é porque te amo demais.
Eu te persigo. Eu te atormento. Eu te repreendo...
tu serias mais feliz, e também mais amada,
se não fosses para mim tudo o que importa no mundo,
e se este pobre amor não fosse minha única preocupação.",1
"et pourtant, nous pouvions ne jamais nous connaitre!
mon amour, imaginez-vous
tout ce que le sort dut permettre
pour qu’on soit là, qu’on s’aime, et pour que ce soit nous?
tu dis: “nous étions nés l’un pour l’autre.” mais pense
à ce qu’il dut falloir de chances, de concours,
de causes, de coïncidences,
pour réaliser ça, simplement, notre amour!
songe qu’avant d’unir nos têtes vagabondes,
nous avons vécu seuls, separes, égarés,
et que c’est long, le temps, et que c’est grand, le monde,
et que nous aurions pu ne pas nous rencontrer.
as-tu jamais pense, ma jolie aventure,
aux dangers que courut notre pauvre bonheur
quand l’um vers l’autre, au fond de l’infinie nature,
mystérieusement gravitaient nos deux coeurs?
sais-tu que cette course était bien incertaine
qui vers un soir nous conduisait,
et qu’un caprice, une migraine,
pouvaient nous écarter l’un de l’autre à jamais?
je ne t’ai jamais dit cette chose inouïe:
lorsque je t’aperçus pour la première fois,
je ne vis pás d’abord que tu étais jolie.
je pris à peine garde à toi.
ton amie m’occupait bien plus, avec son rire.
c’est tard, très tard, que nos regards se sont croisés.
songe, nous aurions pu ne pas savoir y lire,
et toi ne pas comprendre, et moi ne pas oser.
où serions-nous oe soir si, ce soir-là, ta mère
t’avait reprise um peu plus tôt?
et si tu n’avais pas rougi, sous les lumières,
quand voulus t’aider à mettre ton manteau?
car souviens-toi, ce furent là toutes les causes.
un retard, um empêchement,
et rien n’aurait été du cher enivrement,
de l’exquise métamorphose!
notre amour aurait pu ne jamais advenir!
tu pourrais aujourd hui n’être pas dans ma vie!…
mon petit coeur, mon coeur, ma petite chérie,
je pense à cette maladie
dont vous avez failli mourir…","podíamos jamais nos conhecer talvez!
meu amor, imagine, pois,
tudo isso que a sorte nos fez
para estarmos aqui, para sermos nós dois!
nós fomos feitos um para o outro – diz você.
mas pense no que foi preciso se interpor
de coincidências, para que
pudesse haver apenas isto: o nosso amor!
que antes de unir nosso destino vagabundo,
vivemos longe um do outro, e sós, separados,
e que é tão longo o tempo, e que é tão grande o mundo,
e a gente era capaz de não se ter encontrado.
você nunca pensou, meu romance bonito,
e que este amor correu de risco e indecisões
quando, ao encontro um do outro, em torno do infinito,
gravitaram à toa os nossos corações?
você não sabe então que era incerta essa estrada
que conduziu nossos ideais,
e que um capricho, um quase nada
podia não ter nos juntado nunca mais?
nunca lhe confessei esta coisa esquisita:
quando visitei você pela primeira vez,
a princípio nem vi que você era bonita…
não reparei quase em você.
sua amiga me atraiu muito mais, com seu sorriso.
foi só muito depois que cruzamos o olhar…
nós podíamos não ter lido nada disso:
e você, não compreender, e eu, nem sequer ousar.
que seria de nós se, aquela noite, alguém
viesse buscar você antes?
ou se, entre luzes, você não corasse também
quando eu quis ajudar a pôr o seu manteau?…
pois foram essas razões, lembra-se ainda?
um atraso, um impedimento,
e nada existiria deste encantamento,
desta metamorfose linda!
nunca aconteceria o amor que aconteceu!
você não estaria agora em minha vida!…
meu coração, meu coração, minha querida,
penso naquela doença
que você quase morreu…",fr_XX,pt_XX,"e no entanto, poderíamos nunca ter nos conhecido!
meu amor, imagine
tudo o que o destino teve que permitir
para que estivéssemos aqui, nos amando, e para que fossemos nós?
Tu dizes: ""nascemos um para o outro"". Mas pense
em toda a sorte de chances, eventos,
causas, coincidências,
para que isso se tornasse real, simplesmente, nosso amor!
Pense que antes de unirmos nossas mentes errantes,
vivíamos sozinhos, separados, perdidos,
e que o tempo é longo, e o mundo é grande,
e poderíamos não ter nos encontrado.
Já pensaste, minha bela aventura,
nos perigos que nossa pobre felicidade enfrentou
quando um em direção ao outro, no fundo da natureza infinita,
nossos dois corações misteriosamente gravitavam?
Sabias que essa corrida era tão incerta
que nos conduzia a uma noite,
e que um capricho, uma enxaqueca,
poderiam nos separar para sempre?
Nunca te disse essa coisa incrível:
quando te vi pela primeira vez,
nem notei que eras bonita.
Apenas reparei em ti.
Sua amiga me distraía muito mais, com seu riso.
Foi tarde, muito tarde, que nossos olhares se cruzaram.
Pensa, poderíamos não ter sabido ler neles,
e tu não ter compreendido, e eu não ter ousado.
Onde estaríamos naquela noite se, naquela noite, tua mãe
te tivesse levado um pouco mais cedo?
E se tu não tivesses corado, sob as luzes,
quando quis te ajudar a colocar teu casaco?
Pois lembra-te, essas foram todas as causas.
Um atraso, um impedimento,
e nada teria acontecido desse querido encantamento,
desse êxtase exquisito!
Nosso amor poderia nunca ter acontecido!
Tu poderias hoje não estar na minha vida!...
Meu pequeno coração, meu coração, minha pequena querida,
penso nessa doença
da qual quase morreste...",1
"je fais souvent ce rêve étrange et pénétrant
d’une femme inconnue, et que j’aime, et qui m’aime,
et qui n’est, chaque fois, ni tout à fait la même
ni tout à fait une autre, et m’aime et me comprend.
car elle me comprend, et mon coeur transparent
pour elle seule, hélas! cesse d’être un problème
pour elle seule, et les moiteurs de mon front blême,
elle seule les sait rafraîchir, en pleurant.
est-elle brune, blonde ou rousse? je l’ignore.
son nom? je me souviens qu’il est doux et sonore,
comme ceux des aimés que la vie exila.
son regard est pareil au regard des statues,
et, pour sa voix, lointaine, et calme, et grave, elle a
l’inflexion des voix chères qui se sont tues.","muitas vezes, o sonho estranho me surpreende
de uma ignota mulher que eu amo e que me adora,
e que a mesma não é, certamente, a toda hora,
não sendo outra, porém, e me ama e me compreende.
todo o meu coração deixo que ela o desvende.
ela somente o faz transparente e o avigora,
e se eu sofro, se a dor minha fronte descora,
ela é o consolo ideal que sobre mim se estende.
é ela trigueira, ou loira, ou ruiva? – eu o ignoro.
seu nome? apenas sei que ele é doce e sonoro
como o de quem se amou e da vida fugiu.
seu olhar, como o olhar de uma estátua, é sem alma,
e tem na sua voz, grave, longínqua e calma,
a inflexão de uma voz cara que se extingiu.",fr_XX,pt_XX,"Eu frequentemente tenho este sonho estranho e penetrante
de uma mulher desconhecida, que eu amo, e que me ama,
e que não é, a cada vez, nem completamente a mesma
nem completamente outra, e me ama e me compreende.
pois ela me compreende, e meu coração transparente
para ela sozinha, ai de mim! deixa de ser um problema
para ela sozinha, e as umidades de minha testa pálida,
somente ela sabe refrescar, chorando.
Será ela morena, loira ou ruiva? eu ignoro.
Seu nome? Lembro-me de que é doce e sonoro,
como aqueles dos amados que a vida exilou.
Seu olhar é semelhante ao olhar das estátuas,
e, para sua voz, distante, e calma, e grave, ela tem
a inflexão das vozes queridas que se calaram.",1
"je fais souvent ce rêve étrange et pénétrant
d’une femme inconnue, et que j’aime, et qui m’aime,
et qui n’est, chaque fois, ni tout à fait la même
ni tout à fait une autre, et m’aime et me comprend.
car elle me comprend, et mon coeur transparent
pour elle seule, hélas! cesse d’être un problème
pour elle seule, et les moiteurs de mon front blême,
elle seule les sait rafraîchir, en pleurant.
est-elle brune, blonde ou rousse? je l’ignore.
son nom? je me souviens qu’il est doux et sonore,
comme ceux des aimés que la vie exila.
son regard est pareil au regard des statues,
et, pour sa voix, lointaine, et calme, et grave, elle a
l’inflexion des voix chères qui se sont tues.","sonho às vezes o sonho estranho e persistente
de não sei que mulher que eu quero e que me quer,
e que nunca é, de fato, uma única mulher
e nem outra, de fato, e me compreende e sente.
compreende-me, e este meu coração, transparente
para ela, não é mais um problema qualquer,
só para ela, o meu suor de angústia, se quiser,
chorando, ela transforma em frescura envolvente.
se é morena, ou se loura, ou se ruiva – eu ignoro.
seu nome? é como o nome ideal, doce e sonoro,
dos amados que a vida exilou para além.
seu olhar lembra o olhar de alguma estátua antiga,
e sua voz longínqua, e calma, e grave, tem
certa inflexão de emudecida voz amiga.",fr_XX,pt_XX,"Eu muitas vezes faço este estranho e penetrante sonho
de uma mulher desconhecida, e que eu amo, e que me ama,
e que não é, a cada vez, nem totalmente a mesma
nem totalmente outra, e me ama e me entende.
pois ela me entende, e meu coração transparente
para ela apenas, infelizmente! deixa de ser um problema
para ela apenas, e as umidades da minha testa pálida,
apenas ela sabe refrescar, chorando.
é ela morena, loira ou ruiva? eu ignoro.
seu nome? lembro-me que é doce e sonoro,
como aqueles dos amados que a vida exilou.
seu olhar é semelhante ao olhar das estátuas,
e, quanto à sua voz, distante, calma e grave, ela tem
a inflexão das vozes queridas que se calaram.",1
"je suis triste toujours quand ton visage est triste,
je pleure quand tes yeux sont mouillés par les
pleurs,
car tu es mon seul but, mon rêve trismégiste,
et l’âme que mon âme enchâsse en sa douleur.
et mon amour pour toi n’est pas un égoïste
qui cherche le plaisir de la chair et du cœur;
non, même loin de toi mon grand amour
subsiste
pour me guider vers l’idéal, grave et songeur.
comme un religieux aux pieds de la madone,
mon âme s’en va toute en prières vers toi,
en soupirs aussi doux qu’une brise d’automne.
aux lentes fins de jour quand chantent les
émois,
je pense à ton bonheur – ô belle souveraine –
si nous pouvions partir les mains encore
pleines
de rires, de sanglots, de douleurs et de joies.","tristonho sempre estou se teu rosto é tristonho,
eu choro se por choro alaga-se tua vista,
pois meu desejo és tu, meu trismegisto sonho,
uma alma que minha alma em sua dor
conquista.
e meu amor por ti não é um interesseiro
que quer da alma e da carne o prazer tão
somente;
mesmo longe de ti meu amor é parceiro
que ao ideal conduz, sonhador e imponente.
tal fiel da madona ajoelhado ao trono,
minha alma, em oração, busca em ti moradia,
em suspiros sutis como um vento de outono.
e quando ao pôr do sol cantarola a agonia,
eu penso em teu deleite – ó soberana airosa –
se possível nos for partir com generosa
soma de riso e dor, de lamento e alegria.",fr_XX,pt_XX,"Estou triste sempre que teu rosto está triste,
Choro quando teus olhos estão molhados pelas lágrimas,
Porque és minha única meta, meu sonho trismegista,
E a alma que minha alma encerra em sua dor.
E meu amor por ti não é egoísta
Que busca prazer da carne e do coração;
Não, mesmo longe de ti, meu grande amor persiste
Para me guiar em direção ao ideal, sério e pensativo.
Como um religioso aos pés da madona,
Minha alma vai em preces em tua direção,
Em suspiros tão doces quanto uma brisa de outono.
Nos lentos finais de dia quando cantam
os tumultos,
Penso em tua felicidade - ó bela soberana -
Se pudéssemos partir com as mãos ainda
cheias
De risos, soluços, dores e alegrias.",1
"je suis allé au marché aux oiseaux
et j’ai acheté des oiseaux
pour toi
mon amour
je suis allé au marché aux fleurs
et j’ai acheté des fleurs
pour toi
mon amour
je suis allé au marché à la ferraille
et j’ai acheté des chaînes
de lourdes chaînes
pour toi
mon amour
et puis je suis allé au marché aux esclaves
et je t’ai cherchée
mais je ne t’ai pas trouvée
mon amour","eu fui ao mercado de pássaros
e lhe comprei pássaros,
meu amor.
eu fui ao mercado de flores
e lhe comprei flores,
meu amor.
eu fui ao ferro-velho
e lhe comprei correntes
pesadas correntes
para ti,
meu amor.
e depois fui ao mercado de escravos
e procurei por ti
mas não lhe encontrei,
meu amor",fr_XX,pt_XX,"Fui ao mercado de pássaros
E comprei pássaros
Para ti
Meu amor
Fui ao mercado de flores
E comprei flores
Para ti
Meu amor
Fui ao mercado de sucata
E comprei correntes
Correntes pesadas
Para ti
Meu amor
E então fui ao mercado de escravos
E te procurei
Mas não te encontrei
Meu amor",1
