original_poem,translated_poem,src_lang,tgt_lang,translation_by_TA
"vie de femme …
les sentiments passent en premier.
ils sont absorbés et préservés.
si banalisés … exterminés.
si entretenus … sauvegardés.
si sauvegardés, elle est séduite.
si exterminés, l’autre est vite oublié.
et le poisson prend le large …
pour nager dans d’autres rives,
a l’encontre d’une âme pure,
telle que la sienne.
la solitude corrompt l’âme.
le téméraire loyal qui passe par là,
chanceux ou don juan,
c’est qu’il est arrivé …
sur le bon endroit au bon moment.","vida de mulher …
os sentimentos passam em primeiro.
eles são absorvidos e preservados.
si banalizados … exterminados.
si alimentados… salvados.
si salvados, ela é seduzida.
si exterminados, o outro é rápido esquecido.
e o peixe cai em alto mar …
para nadar em outras margens,
ao encontro de uma alma pura,
tal como a sua.
a solidão corrompe a alma.
o temerário leal que ali passa,
felizardo ou don juan,
é que ele chegou …
no bom lugar no momento certo.",fr_XX,pt_XX,"eus_Latn Emakume baten bizitzan, sentimenduak lehenak izaten dira. Barneratu eta gorde egiten dira. Banalisatu eta suntsitu egiten dira. Zaindu eta gorde egiten dira. Suntsitu eta seduzitu egiten dira. Suntsitu eta ahaztu egiten dira."
"vie de femme …
les sentiments passent en premier.
ils sont absorbés et préservés.
si banalisés … exterminés.
si entretenus … sauvegardés.
si sauvegardés, elle est séduite.
si exterminés, l’autre est vite oublié.
et le poisson prend le large …
pour nager dans d’autres rives,
a l’encontre d’une âme pure,
telle que la sienne.
la solitude corrompt l’âme.
le téméraire loyal qui passe par là,
chanceux ou don juan,
c’est qu’il est arrivé …
sur le bon endroit au bon moment.","vida de mulher …
os sentimentos passam em primeiro.
eles são absorvidos e preservados.
si banalizados … exterminados.
si alimentados… salvados.
si salvados, ela é seduzida.
si exterminados, o outro é rápido esquecido.
e o peixe cai em alto mar …
para nadar em outras margens,
ao encontro de uma alma pura,
tal como a sua.
a solidão corrompe a alma.
o temerário leal que ali passa,
felizardo ou don juan,
é que ele chegou …
no bom lugar no momento certo.",fr_XX,pt_XX,"eus_Latn Emakume baten bizitzan, sentimenduak lehenak izaten dira. Barneratu eta gorde egiten dira. Banalisatu eta suntsitu egiten dira. Zaindu eta gorde egiten dira. Suntsitu eta seduzitu egiten dira. Suntsitu eta ahaztu egiten dira."
"un soir d’été …
je t’ai vu un soir d’été,
t’étais là, élégant et svelte,
j’ai vu le ciel, j’ai vu tes mirettes,
tout en bleu j’ai vu le tableau.
je t’ai vu, je me suis stoppée,
pour t’observer en peu.
une sensation j’ai éprouvée,
une anxiété avec ardeur.
j’ai eu peur parce que mon corps,
jusqu’alors soumis à moi,
s’abandonnerait au tien aussi en cœur,
si tu le désirais ainsi comme moi.
le soleil brulait en nous,
en tête à tête nous étions,
sur ton visage j’ai vu la bonté,
et dans ton âme j’ai vu la beauté.
les moments que nous avons passé,
avec calme et spontanéité,
sans effort et en toute simplicité,
toi et moi nous avons aimé …
dans un silence plein de tendresse,
nos âmes nues et entrelacées,
hébergée dans tes bras j’entendais ton cœur,
le mien complice a accéléré sa marche.
avec volupté et sensualité, entre caresses et baisers,
nos entrailles ont proclamé le plaisir frémissant…
dehors la pluie tombait, comme si pour arroser,
la beauté de ces moments.","uma tarde de verão …
eu lhe vi numa tarde de verão,
voce estava ali, elegante e esbelto,
eu vi o céu, eu vi seus olhos,
todo azul eu vi o quadro.
eu lhe vi, eu parei,
para lhe observar un pouco.
uma sensação eu senti,
uma ansiedade com ardor.
eu tive medo porque meu corpo,
até então submisso à mim,
se abandonaria ao seu, tambem em coração,
se voce o desejasse assim como eu.
eu senti o sol que queimava em nós,
e frente à frente nós estávamos,
no seu rosto eu vi a bondade,
e a beleza da sua alma.
os momentos que juntos passamos,
com calma e espontâneidade,
com carinho e com simplicidade,
voce e eu, nós amamos …
num silencio cheio de emoção,
nossas almas nuas e entrelaçadas,
acolhida nos seus braços seu coração eu escutava ,
o meu cúmplice acelerou sua cançao.
entre carinhos e beijos,com sensualidade e volúpcia,
nossas entranhas proclamaram o prazer frêmito …
la fora a chuva caía, como se para arrozar,
a beleza destes momentos.",fr_XX,pt_XX,"eng_Latn I saw you on a summer's evening, you were there, elegant and slender, I saw the sky, I saw your mirrors, all blue I saw the painting. I saw you, I stopped, I watched you for a moment. I felt a feeling of anxiety, a feeling of anxiety with ardour. I was afraid because my body, my body, until my own moments, would abandon me as much as my heart, if you desired it as I did. Your sun flew in subjection, flew in subjection, flew head to head, we walked barefoot, we loved your face as we loved your face."
