original_poem,translated_poem,translated_by_mt5
"once upon a midnight dreary, while i pondered, weak and weary,
over many a quaint and curious volume of forgotten lore
while i nodded, nearly napping, suddenly there came a tapping,
as of some one gently rapping, rapping at my chamber door.
tis some visitor, i muttered, tapping at my chamber door –
only this, and nothing more.
ah, distinctly i remember it was in the bleak december,
and each separate dying ember wrought its ghost upon the floor.
eagerly i wished the morrow; – vainly i had sought to borrow
from my books surcease of sorrow – sorrow for the lost lenore –
for the rare and radiant maiden whom the angels name lenore –
nameless here for evermore.
and the silken sad uncertain rustling of each purple curtain
thrilled me – filled me with fantastic terrors never felt before;
so that now, to still the beating of my heart, i stood repeating:
tis some visitor entreating entrance at my chamber door;
some late visitor entreating entrance at my chamber door; –
this it is and nothing more.
presently my soul grew stronger; hesitating then no longer,
sir, said i, or madam, truly your forgiveness i implore;
but the fact is, i was napping, and so gently you came rapping,
and so faintly you came tapping, tapping at my chamber door,
that i scarce was sure i heard you. – here i opened wide the door: –
darkness there and nothing more.
deep into the darkness peering, long i stood there, wondering, fearing,
doubting, dreaming dreams no mortals ever dared to dream before;
but the silence was unbroken, and the stillness gave no token.
and the only word there spoken was the whispered word, lenore!
this i whispered, and an echo murmured back the word, lenore! –
merely this, and nothing more.
back into the chamber turning, all my soul within me burning,
soon again i heard a tapping, something louder than before.
surely, said i, surely that is something at my window lattice;
let me see, then, what thereat is, and this mystery explore –
let my heart be still a moment, and this mystery explore; –
tis the wind, and nothing more.
open here i flung the shutter, when, with many a flirt and flutter,
in there stepped a stately raven of the saintly days of yore.
not the least obeisance made he; not a minute stopped or stayed he,
but, with mien of lord or lady, perched above my chamber door –
perched upon a bust of pallas just above my chamber door –
perched, and sat, and nothing more.
then this ebony bird beguiling my sad fancy into smiling,
by the grave and stern decorum of the countenance it wore,
thoug thy crest be shorn and shaven, thou, i said, art sure no craven,
ghastly grim and ancient raven wandering from the nightly shore –
tell me what thy lordly name is on the night’s plutonian shore!
quoth the raven, nevermore.
much i marvelled this ungainly fowl to hear discourse so plainly,
though its answer little meaning – little relevancy bore;
for we cannot help agreeing that no living human being
ever yet was blêssed with seeing bird above his chamber door –
bird or beast upon the sculptured bust above his chamber door,
with such name as nevermore.
but the raven, sitting lonely on that placid bust, spoke only
that one word, as if his soul in that one word he did outpour.
nothing further then he uttered; not a feather then he fluttered –
till i scarcely more than muttered: other friends have flown before –
on the morrow he will leave me as my hopes have flown before.
then the bird said, nevermore.
startled at the stillness broken by reply so aptly spoken,
doubtless, said i, what it utters is its only stock and store,
caught from some unhappy master whom unmerciful disaster
followed fast and followed faster till his songs one burden bore –
till the dirges of his hope that melancholy burden bore
of never – nevermore.
but the raven still beguiling all my sad soul into smiling,
straight i wheeled a cushioned seat in front of bird and bust and door;
then, upon the velvet sinking, i betook myself to linking
fancy unto fancy, thinking what this ominous bird of yore –
what this grim, ungainly, ghastly, gaunt, and ominous bird of yore
meant in croaking nevermore.
thus i sat engaged in guessing, but no syllable expressing
to the fowl whose fiery eyes now burned into my bosom’s core;
this and more i sat divining, with my head at ease reclining
on the cushion’s velvet lining that the lamp-light gloated o’er,
but whose velvet violet lining with the lam-plight gloating o’er
she shall press, ah, nevermore!
then, methought, the air grew denser, perfumed from an unseen censer
swung by seraphim whose foot-falls tinkled on the tufted floor.
wretch, i cried, “thy god hath lent thee – by these angels he hath sent thee
respite – respite and nepenthe from thy memories of lenore!
quaff, oh quaff this kind nepenthe and forget this lost lenore!”
quoth the raven, nevermore.
prophet!, said i, thing of evil! – prophet still, if bird or devil! –
whether tempter sent, or whether tempest tossed thee here ashore,
desolate, yet all undaunted, on this desert land enchanted –
on this home by horror haunted – tell me truly, i implore –
is there – is there balm in gilead? – tell me – tell me i implore!
quoth the raven, nevermore.
prophet!, said i, thing of evil! –prophet still, if bird or devil!
by that heaven that bends above us –by that god we both adore –
tell this soul with sorrow laden, if, within the distant aidenn,
it shall clasp a sainted maiden whom the angels name lenore –
clasp a rare and radiant maiden whom the angels name lenore.
quoth the raven, nevermore.
be that word our sign of parting, bird or fiend! i shrieked, upstarting –
get thee back into the tempest and the night’s plutonian shore!
leave no black plume as a token of that lie thy soul hath spoken!
leave my loneliness unbroken! – quit the bust above my door!
take thy beak from out my heart, and take thy form from off my door!
quoth the raven, nevermore.
and the raven, never flitting, still is sitting, still is sitting
on the pallid bust of pallas just above my chamber door;
and his eyes have all the seeming of a demon’s that is dreaming.
and the lamp-light o’er him streaming throws his shadow on the floor;
and my soul from out that shadow that lies floating on the floor
shall be lifted – nevermore!","numa meia-noite agreste, quando eu lia, lento e triste,
vagos curiosos tomos de ciências ancestrais,
e já quase adormecia, ouvi o que parecia
o som de alguém que batia levemente a meus umbrais.
uma visita, eu me disse, está batendo a meus umbrais.
é só isto, e nada mais.
ah, que bem disso me lembro! era no frio dezembro
e o fogo, morrendo negro, urdia sombras desiguais.
como eu qu’ria a madrugada, toda a noite aos livros dada
p’ra esquecer (em vão!) a amada, hoje entre hostes celestiais –
essa cujo nome sabem as hostes celestiais,
mas sem nome aqui jamais!
como, a tremer frio e frouxo, cada reposteiro roxo
me incutia, urdia estranhos terrores nunca antes tais!
mas, a mim mesmo infundindo força, eu ia repetindo:
é uma visita pedindo entrada aqui em meus umbrais;
uma visita tardia pede entrada em meus umbrais.
é só isto, e nada mais.
e, mais forte num instante, já nem tardo ou hesitante,
senhor, eu disse, ou senhora, de certo me desculpais;
mas eu ia adormecendo, quando viestes batendo
tão levemente, batendo, batendo por meus umbrais,
que mal ouvi… e abri largos, franqueando-os, meus umbrais.
noite, noite e nada mais.
a treva enorme fitando, fiquei perdido receando,
dúbio e tais sonhos sonhando que os ninguém sonhou iguais.
mas a noite era infinita, a paz profunda e maldita,
e a única palavra dita foi um nome cheio de ais –
eu o disse, o nome dela, e o eco disse os meus ais,
isto só e nada mais.
para dentro então volvendo, toda a alma em mim ardendo,
não tardou que ouvisse novo som batendo mais e mais.
por certo, disse eu, aquela bulha é na minha janela.
vamos ver o que está nela, e o que são estes sinais.
meu coração se distraia pesquisando estes sinais.
é o vento, e nada mais.
abri então a vidraça, e eis que, com muita negaça,
entrou grave e nobre um corvo dos bons tempos ancestrais.
não fez nenhum cumprimento, não parou nenhum momento,
mas com ar sereno e lento pousou sobre os meus umbrais,
foi, pousou, e nada mais.
e esta ave estranha e escura fez sorrir minha amargura
com o solene decoro de seus ares rituais.
tens o aspecto tosquiado, disse eu, mas de nobre e ousado,
ó velho corvo emigrado lá das trevas infernais!
dize-me qual o teu nome lá nas trevas infernais.
disse o corvo, nunca mais.
pasmei de ouvir este raro pássaro falar tão claro,
inda que pouco sentido tivêssem palavras tais.
mas deve ser concedido que ninguém terá havido
que uma ave tenha tido pousada nos seus umbrais,
ave ou bicho sobre o busto que há por sobre seus umbrais,
com o nome nunca mais.
mas o corvo, sobre o busto, nada mais dissera, augusto,
que essa frase, qual se nela a alma lhe ficasse em ais.
nem mais voz nem movimento fez, e eu, em meu pensamento,
perdido murmurei lento. amigos, sonhos – mortais
todos – todos já se foram. amanhã também te vais.
disse o corvo, nunca mais.
a alma súbito movida por frase tão bem cabida,
por certo, disse eu, são estas suas vozes usuais.
aprendeu-as de algum dono, que a desgraça e o abandono
seguiram até que o entorno da alma se quebrou em ais,
e o bordão de desesp’rança de seu canto cheio de ais
era este nunca mais.
mas, fazendo inda a ave escura sorrir a minha amargura,
sentei-me defronte dela, do alvo busto e meus umbrais;
e, enterrado na cadeira, pensei de muita maneira
que qu’ria esta ave agoureira dos maus tempos ancestrais,
esta ave negra e agoureira dos maus tempos ancestrais,
com aquele nunca mais.
comigo isto discorrendo, mas nem sílaba dizendo
à ave que na minha alma cravava os olhos fatais,
isto e mais ia cismando, a cabeça reclinando
no veludo onde a luz punha vagas sombras desiguais,
naquele veludo onde ela, entre as sombras desiguais,
reclinar-se-á nunca mais!
fez-se então o ar mais denso, como cheio dum incenso
que anjos dêssem, cujos leves passos soam musicais.
maldito, a mim disse, deu-te deus, por anjos concedeu-te
o esquecimento; valeu-te. toma-o, esquece, com teus ais,
o nome da que não esqueces, e que faz êsses teus ais!
disse o corvo, nunca mais.
profeta, disse eu, profeta – ou demônio ou ave preta! –
fosse diabo ou tempestade quem te trouxe a meus umbrais,
a este luto e este degredo, e esta noite e este segredo
a esta casa de ânsia e medo, dize a esta alma a quem atrais
se há um bálsamo longínquo para esta alma a quem atrais!”
disse o corvo, nunca mais.
profeta, disse eu, profeta – ou demônio ou ave preta! –
pelo deus ante quem ambos somos fracos e mortais,
dize a esta alma entristecida, se no éden de outra vida,
verá essa hoje perdida entre hostes celestiais,
essa cujo nome sabem as hostes celestiais!
disse o corvo, nunca mais.
que êsse grito nos aparte, ave ou diabo, eu disse. parte!
torna à noite e à tempestade! torna às trevas infernais!
não deixes pena que ateste a mentira que disseste!
minha solidão me reste! tira-te de meus umbrais!
tira o vulto de meu peito e a sombra de meus umbrais!
disse o corvo, nunca mais.
e o corvo, na noite infinda, está ainda, está ainda,
no alvo busto de atena que há por sobre os meus umbrais.
seu olhar tem a medonha dor de um demônio que sonha,
e a luz lança-lhe a tristonha sombra no chão mais e mais.
e a minh’alma dessa sombra que no chão há de mais e mais,
libertar-se-á… nunca mais!","<extra_id_0>, and nothing more. the i.e.:ess: a.s., the the, quess the. e, o,.o.i,so s ..es thes,es os,o the quees. and the; us,os.; theioes,,i com. de, de. que,e , is thee the de the et the en the se ’ u.a, in the: they ' l,l - t, to, la,a ;,’s to where without once upon when, of each another along their tears’, en those which could, no longer, on the to the la y, se, are these ones, that would cause because n.l. that, you might, for inga iss and, les, le,ly, my very, with the no. of the foreing, et. la. is, it does, as thea the iso is. to and to that’t thats that the’l’a;s de :sa deae: to toe and de’ thels; and andes; tos on, not the paral toa’e; de la de de for the less quee’ de too to my de:, so that is to no, do, but the in r.ly. my. for, me, from the of my que’ and that de queo: and my, un the je, je. – the and. in, this, na. le. et, parasly the le theo;l: mys is my toeso and la to queer, c. d.’. as, si,-o la;; that and is that of that my the un to.-e to:l;a: de not, yours it is not to you, or é, quily and in to your lya ets le quealys in my foray the are the not having the one, its the doo – dont, em ur the pours are to me the on to de;oo myo’; no"
