original_poem,translated_poem,translated_by_mbart
"once upon a midnight dreary, while i pondered, weak and weary,
over many a quaint and curious volume of forgotten lore
while i nodded, nearly napping, suddenly there came a tapping,
as of some one gently rapping, rapping at my chamber door.
tis some visitor, i muttered, tapping at my chamber door –
only this, and nothing more.
ah, distinctly i remember it was in the bleak december,
and each separate dying ember wrought its ghost upon the floor.
eagerly i wished the morrow; – vainly i had sought to borrow
from my books surcease of sorrow – sorrow for the lost lenore –
for the rare and radiant maiden whom the angels name lenore –
nameless here for evermore.
and the silken sad uncertain rustling of each purple curtain
thrilled me – filled me with fantastic terrors never felt before;
so that now, to still the beating of my heart, i stood repeating:
tis some visitor entreating entrance at my chamber door;
some late visitor entreating entrance at my chamber door; –
this it is and nothing more.
presently my soul grew stronger; hesitating then no longer,
sir, said i, or madam, truly your forgiveness i implore;
but the fact is, i was napping, and so gently you came rapping,
and so faintly you came tapping, tapping at my chamber door,
that i scarce was sure i heard you. – here i opened wide the door: –
darkness there and nothing more.
deep into the darkness peering, long i stood there, wondering, fearing,
doubting, dreaming dreams no mortals ever dared to dream before;
but the silence was unbroken, and the stillness gave no token.
and the only word there spoken was the whispered word, lenore!
this i whispered, and an echo murmured back the word, lenore! –
merely this, and nothing more.
back into the chamber turning, all my soul within me burning,
soon again i heard a tapping, something louder than before.
surely, said i, surely that is something at my window lattice;
let me see, then, what thereat is, and this mystery explore –
let my heart be still a moment, and this mystery explore; –
tis the wind, and nothing more.
open here i flung the shutter, when, with many a flirt and flutter,
in there stepped a stately raven of the saintly days of yore.
not the least obeisance made he; not a minute stopped or stayed he,
but, with mien of lord or lady, perched above my chamber door –
perched upon a bust of pallas just above my chamber door –
perched, and sat, and nothing more.
then this ebony bird beguiling my sad fancy into smiling,
by the grave and stern decorum of the countenance it wore,
thoug thy crest be shorn and shaven, thou, i said, art sure no craven,
ghastly grim and ancient raven wandering from the nightly shore –
tell me what thy lordly name is on the night’s plutonian shore!
quoth the raven, nevermore.
much i marvelled this ungainly fowl to hear discourse so plainly,
though its answer little meaning – little relevancy bore;
for we cannot help agreeing that no living human being
ever yet was blêssed with seeing bird above his chamber door –
bird or beast upon the sculptured bust above his chamber door,
with such name as nevermore.
but the raven, sitting lonely on that placid bust, spoke only
that one word, as if his soul in that one word he did outpour.
nothing further then he uttered; not a feather then he fluttered –
till i scarcely more than muttered: other friends have flown before –
on the morrow he will leave me as my hopes have flown before.
then the bird said, nevermore.
startled at the stillness broken by reply so aptly spoken,
doubtless, said i, what it utters is its only stock and store,
caught from some unhappy master whom unmerciful disaster
followed fast and followed faster till his songs one burden bore –
till the dirges of his hope that melancholy burden bore
of never – nevermore.
but the raven still beguiling all my sad soul into smiling,
straight i wheeled a cushioned seat in front of bird and bust and door;
then, upon the velvet sinking, i betook myself to linking
fancy unto fancy, thinking what this ominous bird of yore –
what this grim, ungainly, ghastly, gaunt, and ominous bird of yore
meant in croaking nevermore.
thus i sat engaged in guessing, but no syllable expressing
to the fowl whose fiery eyes now burned into my bosom’s core;
this and more i sat divining, with my head at ease reclining
on the cushion’s velvet lining that the lamp-light gloated o’er,
but whose velvet violet lining with the lam-plight gloating o’er
she shall press, ah, nevermore!
then, methought, the air grew denser, perfumed from an unseen censer
swung by seraphim whose foot-falls tinkled on the tufted floor.
wretch, i cried, “thy god hath lent thee – by these angels he hath sent thee
respite – respite and nepenthe from thy memories of lenore!
quaff, oh quaff this kind nepenthe and forget this lost lenore!”
quoth the raven, nevermore.
prophet!, said i, thing of evil! – prophet still, if bird or devil! –
whether tempter sent, or whether tempest tossed thee here ashore,
desolate, yet all undaunted, on this desert land enchanted –
on this home by horror haunted – tell me truly, i implore –
is there – is there balm in gilead? – tell me – tell me i implore!
quoth the raven, nevermore.
prophet!, said i, thing of evil! –prophet still, if bird or devil!
by that heaven that bends above us –by that god we both adore –
tell this soul with sorrow laden, if, within the distant aidenn,
it shall clasp a sainted maiden whom the angels name lenore –
clasp a rare and radiant maiden whom the angels name lenore.
quoth the raven, nevermore.
be that word our sign of parting, bird or fiend! i shrieked, upstarting –
get thee back into the tempest and the night’s plutonian shore!
leave no black plume as a token of that lie thy soul hath spoken!
leave my loneliness unbroken! – quit the bust above my door!
take thy beak from out my heart, and take thy form from off my door!
quoth the raven, nevermore.
and the raven, never flitting, still is sitting, still is sitting
on the pallid bust of pallas just above my chamber door;
and his eyes have all the seeming of a demon’s that is dreaming.
and the lamp-light o’er him streaming throws his shadow on the floor;
and my soul from out that shadow that lies floating on the floor
shall be lifted – nevermore!","numa meia-noite agreste, quando eu lia, lento e triste,
vagos curiosos tomos de ciências ancestrais,
e já quase adormecia, ouvi o que parecia
o som de alguém que batia levemente a meus umbrais.
uma visita, eu me disse, está batendo a meus umbrais.
é só isto, e nada mais.
ah, que bem disso me lembro! era no frio dezembro
e o fogo, morrendo negro, urdia sombras desiguais.
como eu qu’ria a madrugada, toda a noite aos livros dada
p’ra esquecer (em vão!) a amada, hoje entre hostes celestiais –
essa cujo nome sabem as hostes celestiais,
mas sem nome aqui jamais!
como, a tremer frio e frouxo, cada reposteiro roxo
me incutia, urdia estranhos terrores nunca antes tais!
mas, a mim mesmo infundindo força, eu ia repetindo:
é uma visita pedindo entrada aqui em meus umbrais;
uma visita tardia pede entrada em meus umbrais.
é só isto, e nada mais.
e, mais forte num instante, já nem tardo ou hesitante,
senhor, eu disse, ou senhora, de certo me desculpais;
mas eu ia adormecendo, quando viestes batendo
tão levemente, batendo, batendo por meus umbrais,
que mal ouvi… e abri largos, franqueando-os, meus umbrais.
noite, noite e nada mais.
a treva enorme fitando, fiquei perdido receando,
dúbio e tais sonhos sonhando que os ninguém sonhou iguais.
mas a noite era infinita, a paz profunda e maldita,
e a única palavra dita foi um nome cheio de ais –
eu o disse, o nome dela, e o eco disse os meus ais,
isto só e nada mais.
para dentro então volvendo, toda a alma em mim ardendo,
não tardou que ouvisse novo som batendo mais e mais.
por certo, disse eu, aquela bulha é na minha janela.
vamos ver o que está nela, e o que são estes sinais.
meu coração se distraia pesquisando estes sinais.
é o vento, e nada mais.
abri então a vidraça, e eis que, com muita negaça,
entrou grave e nobre um corvo dos bons tempos ancestrais.
não fez nenhum cumprimento, não parou nenhum momento,
mas com ar sereno e lento pousou sobre os meus umbrais,
foi, pousou, e nada mais.
e esta ave estranha e escura fez sorrir minha amargura
com o solene decoro de seus ares rituais.
tens o aspecto tosquiado, disse eu, mas de nobre e ousado,
ó velho corvo emigrado lá das trevas infernais!
dize-me qual o teu nome lá nas trevas infernais.
disse o corvo, nunca mais.
pasmei de ouvir este raro pássaro falar tão claro,
inda que pouco sentido tivêssem palavras tais.
mas deve ser concedido que ninguém terá havido
que uma ave tenha tido pousada nos seus umbrais,
ave ou bicho sobre o busto que há por sobre seus umbrais,
com o nome nunca mais.
mas o corvo, sobre o busto, nada mais dissera, augusto,
que essa frase, qual se nela a alma lhe ficasse em ais.
nem mais voz nem movimento fez, e eu, em meu pensamento,
perdido murmurei lento. amigos, sonhos – mortais
todos – todos já se foram. amanhã também te vais.
disse o corvo, nunca mais.
a alma súbito movida por frase tão bem cabida,
por certo, disse eu, são estas suas vozes usuais.
aprendeu-as de algum dono, que a desgraça e o abandono
seguiram até que o entorno da alma se quebrou em ais,
e o bordão de desesp’rança de seu canto cheio de ais
era este nunca mais.
mas, fazendo inda a ave escura sorrir a minha amargura,
sentei-me defronte dela, do alvo busto e meus umbrais;
e, enterrado na cadeira, pensei de muita maneira
que qu’ria esta ave agoureira dos maus tempos ancestrais,
esta ave negra e agoureira dos maus tempos ancestrais,
com aquele nunca mais.
comigo isto discorrendo, mas nem sílaba dizendo
à ave que na minha alma cravava os olhos fatais,
isto e mais ia cismando, a cabeça reclinando
no veludo onde a luz punha vagas sombras desiguais,
naquele veludo onde ela, entre as sombras desiguais,
reclinar-se-á nunca mais!
fez-se então o ar mais denso, como cheio dum incenso
que anjos dêssem, cujos leves passos soam musicais.
maldito, a mim disse, deu-te deus, por anjos concedeu-te
o esquecimento; valeu-te. toma-o, esquece, com teus ais,
o nome da que não esqueces, e que faz êsses teus ais!
disse o corvo, nunca mais.
profeta, disse eu, profeta – ou demônio ou ave preta! –
fosse diabo ou tempestade quem te trouxe a meus umbrais,
a este luto e este degredo, e esta noite e este segredo
a esta casa de ânsia e medo, dize a esta alma a quem atrais
se há um bálsamo longínquo para esta alma a quem atrais!”
disse o corvo, nunca mais.
profeta, disse eu, profeta – ou demônio ou ave preta! –
pelo deus ante quem ambos somos fracos e mortais,
dize a esta alma entristecida, se no éden de outra vida,
verá essa hoje perdida entre hostes celestiais,
essa cujo nome sabem as hostes celestiais!
disse o corvo, nunca mais.
que êsse grito nos aparte, ave ou diabo, eu disse. parte!
torna à noite e à tempestade! torna às trevas infernais!
não deixes pena que ateste a mentira que disseste!
minha solidão me reste! tira-te de meus umbrais!
tira o vulto de meu peito e a sombra de meus umbrais!
disse o corvo, nunca mais.
e o corvo, na noite infinda, está ainda, está ainda,
no alvo busto de atena que há por sobre os meus umbrais.
seu olhar tem a medonha dor de um demônio que sonha,
e a luz lança-lhe a tristonha sombra no chão mais e mais.
e a minh’alma dessa sombra que no chão há de mais e mais,
libertar-se-á… nunca mais!","uma vez em meia-noite triste, enquanto eu pensava, fraco e cansado,
sobre muitos volumes estranhos e curiosos de histórias esquecidas
enquanto eu respondi, quase a pintar, de repente apareceu uma batida,
de um alguém a gritar gentilmente, a gritar à porta da minha sala.
"""" É um visitador """", murmurei, batendo na porta da minha sala.
só isto, e nada mais.
Ah, claramente, lembro-me de que foi no dia escuro de dezembro.
e cada uma das brasas separadas morreu com o seu fantasma no chão.
ansiosamente desejava o amanhã; – tentava em vano pedir emprestamentos
de os meus livros sobrecesse de tristeza - tristeza pela lentilha perdida -
para a rapariga rara e radiante que os anjos chamam Lenore,
sem nome aqui para sempre.
e o triste e incerto ruído de cada cortina cor-de-rosa
entusiasmou-me – encheu-me de terrores fantásticos que nunca sentia antes;
Então agora, para manter o meu coração a bater, eu estava a repetir:
"""" É um visitante a entrar à porta da minha sala;
um visitante atrasado a entrar à porta da minha sala;
isto é isto e nada mais.
"""" Agora a minha alma tornou-se mais forte; """" mas depois já não hesitava,
Señor, disse eu, ou senhora, imploro verdadeiramente a vossa perdão;
mas o facto é que eu estava a cantar, e tão gentilmente você veio a cantar,
E tão pouco que viram a bater, bater na porta da minha sala,
que eu raramente tinha a certeza de que te tinha ouvido. – aqui abri a porta amplamente: –
escuridão ali e nada mais.
profundamente na escuridão a olhar, durante muito tempo estive ali, a pensar, a temer,
duvidando, sonhando sonhos que nunca um mortal duvidou sonhar antes;
Mas o silêncio não foi quebrado, e o silêncio não deu nenhuma marca.
e a única palavra que lá foi falada foi a palavra murmurada, Lenore!
murmurei assim, e um eco murmurou para trás a palavra, Lenore!
apenas isto, e nada mais.
voltando para a câmara a girar, toda a minha alma a arder dentro de mim,
em breve ouvi novamente um toque, algo mais alto do que antes.
"""" Claro, """" disse eu, """" Claro que isso é algo no meu retalho de janela;
deixem-me então ver o que lá está, e explorem este mistério.
Deixem o meu coração ser um momento, e explorem este mistério;
é o vento, e nada mais.
"""" Descobri aqui """" eu abarro a persiana, """" quando, """" com muitos """" flirt """" e """" flutter """",
"""" Nele veio um raven sagrado dos dias sagrados dos tempos passados.
não fazia o mínimo de obeisão; não parou nem parou um minuto,
mas, com o mien do Senhor ou da senhora, recluido sobre a porta da minha câmara -
pendurada num monte de pallas mesmo acima da minha porta de câmara -
sentado, e sentado, e nada mais.
depois este pássaro ebonico a enganar a minha triste fantasia para sorrir,
pelo túmulo e pela estreita aparência que tinha,
"""" Se o teu crânio tiver sido cortado e barbeado, """" disse eu, """" não tem qualquer desejo,
um raven assustador e antiguo que desloca-se da costa nocturna
diga-me qual é o teu nome lordado na costa plutónia da noite!
citando o raven, nunca mais.
Eu fiquei maravilhado por esta ave invulgar a ouvir o discurso tão claramente,
apesar da sua resposta ter pouco significado, sem grande relevancia;
porque não podemos deixar de concordar que nenhum ser humano vivo
ainda estava desconcertado por ver um pássaro por cima da porta da câmara —
um pássaro ou uma ave sobre a casca sculpturada por cima da porta da câmara,
com um nome como nunca mais.
mas o raven, sentado sozinha no meio tranquilo, só falava
aquela única palavra, como se a sua alma estivesse a fluir nessa única palavra.
"""" Nada mais, """" disse ele. """" Nem uma perna, """" depois, """" tremou """".
até que eu mal mais do que murmurei: outros amigos já voaram antes -
"""" amanhã, ele vai deixar-me """" como as minhas esperanças foram antes.
e o pássaro disse: """" Nunca mais """".
arrepiada pela silêncio quebrada pela resposta tão apropriada,
"""" Sem dúvida, """" disse eu, """" o que ele diz é o seu único armazenamento,
apanhado por um dono infeliz
seguiu-se depressa e seguiu-se mais depressa até que as suas canções carregassem um fardo,
até aos escombros da sua esperança que o peso melancólico transportava
de nunca - nunca mais.
mas o raven ainda a enganar toda a minha triste alma a sorrir,
em frente de um pássaro, de uma jarra e de uma porta;
Então, ao mergulhar o velve, comecei a ligar-me
fantasiar para fantasiar, pensando no que é que este pássaro maléfico de tempos passados —
"""" O que é este pássaro negro, incómodo, assustador, assustador e perigoso de tempos passados?
que significa """" nunca mais croaking """".
Por isso, sentei-me a tentar adivinhar, mas sem expressar nenhuma letra.
para a ave cujas olhos ardentes agora queimaram no núcleo do meu corpo;
Esta e mais eu sentei-me a dividir-me, com a minha cabeça à vontade recluse
sobre o revestimento de velve do cushião que a luz da lâmpada brilhava,
mas cujo revestimento de velve violeta brilha com o lam-plight
ela vai pressionar, ah, nunca mais!
Então, pensei, o ar tornou-se mais denso, perfumedo por um censer invisível
envolto por serafim cujos pés-fallos se meteram no chão desgarrado.
"""" Meu diabo, """" criei, """" O teu Deus teu emprestado - através destes anjos, ele mandou-te
"""" Respite """" - """" Respite """" e """" Nepenthe """" das tuas memórias de """" Lenore """".
quaff, oh quaff este tipo de nepenthe e esqueçam esta lenora perdida!""
citando o raven, nunca mais.
"""" profeta! """" disse eu, """" coisa de mal! """" - """" profeta ainda, ""se o pássaro ou o diabo!""
Se for enviado o tentador, ou se a tempestade te lançasse aqui para a costa,
desprovido, mas sem medo, neste país deserto encantado,
sobre esta casa de terror perseguida - diga-me sinceramente, imploro-
"""" Há algum balm em Gilead? """" - Diga-me - Diga-me que imploro!
citando o raven, nunca mais.
"""" profeta! """", disse eu, """" coisa de mal! """" - """" profeta ainda, ""se o pássaro ou o diabo!""
pelo céu que se inclina acima de nós, pelo deus que ambos adoramos.
Diz-lhe a esta alma, cheia de tristeza, se, dentro do afastado aidenn,
que assombra uma rapariga saudita a quem os anjos chamam Lenore,
agarrem-se a uma rapariga rara e radiante que os anjos chamam Lenore.
citando o raven, nunca mais.
que seja essa palavra o nosso sinal de separação, pássaro ou fiend! Eu gritei, a começar -
ponham-se novamente na tempestade e na costa plutónica da noite!
"""" Não deixem uma pluma negra """" como um sinal da mentira que a tua alma disse!
"""" Deixa a minha solidade intacta! """" - """" Parem da mata acima da minha porta!
Tirem o vosso feixe do meu coração, e tiram a vossa forma da minha porta!
citando o raven, nunca mais.
E o raven, que nunca voa, ainda está sentado, ainda está sentado
sobre a casca pallida de palhas mesmo acima da minha porta de câmara;
E os seus olhos têm toda a aparência de um diabo que sonha.
e a luz da lâmpada que ele esteve a passar lança a sua sombra no chão;
e a minha alma de fora daquela sombra que está a flutuar no chão
será retirado - nunca mais!"
